nome_repo,n_estrelas,d_criacao,d_atualizacao,n_releases,linguagem,n_issues,n_issues_fechadas,n_pull_requests
freeCodeCamp/freeCodeCamp,371255,2014-12-24T17:49:19Z,2023-08-22T23:45:54Z,0,TypeScript,17019,16815,33608
EbookFoundation/free-programming-books,296288,2013-10-11T06:50:37Z,2023-08-23T00:18:07Z,0,,958,924,8388
996icu/996.ICU,267799,2019-03-26T07:31:14Z,2023-08-23T00:13:23Z,0,,0,0,3195
sindresorhus/awesome,266350,2014-07-11T13:42:37Z,2023-08-23T00:24:50Z,0,,331,306,1103
jwasham/coding-interview-university,263669,2016-06-06T02:34:12Z,2023-08-23T00:19:31Z,0,,402,358,2372
public-apis/public-apis,252678,2016-03-20T23:49:42Z,2023-08-23T00:12:50Z,0,Python,504,502,4527
kamranahmedse/developer-roadmap,247545,2017-03-15T13:45:52Z,2023-08-23T00:23:51Z,1,TypeScript,1355,866,3639
donnemartin/system-design-primer,227451,2017-02-26T16:15:28Z,2023-08-23T00:19:51Z,0,Python,259,75,329
codecrafters-io/build-your-own-x,213668,2018-05-09T12:03:18Z,2023-08-23T00:25:58Z,0,,560,395,528
facebook/react,212071,2013-05-24T16:15:54Z,2023-08-23T00:02:31Z,99,JavaScript,12406,11328,15910
vuejs/vue,204879,2013-07-29T03:24:51Z,2023-08-22T23:32:20Z,245,TypeScript,9987,9608,3547
vinta/awesome-python,177815,2014-06-27T21:00:06Z,2023-08-23T00:21:54Z,0,Python,0,0,1644
tensorflow/tensorflow,177111,2015-11-07T01:19:20Z,2023-08-23T00:03:31Z,194,C++,37798,35875,152749
trekhleb/javascript-algorithms,174234,2018-03-24T07:47:04Z,2023-08-23T00:23:00Z,0,JavaScript,325,210,1098
getify/You-Dont-Know-JS,170685,2013-11-16T02:37:24Z,2023-08-23T00:23:48Z,0,,913,833,1893
CyC2018/CS-Notes,166272,2018-02-13T14:56:24Z,2023-08-22T18:41:38Z,0,,566,441,3781
TheAlgorithms/Python,165180,2016-07-16T09:44:01Z,2023-08-23T00:01:53Z,0,Python,1289,1266,2910
twbs/bootstrap,165016,2011-07-29T21:19:00Z,2023-08-22T23:00:14Z,87,JavaScript,22091,21757,22559
ohmyzsh/ohmyzsh,161682,2009-08-28T18:15:37Z,2023-08-22T23:35:18Z,0,Shell,4525,4306,6948
torvalds/linux,156239,2011-09-04T22:48:12Z,2023-08-23T00:19:56Z,0,C,0,0,1201783
flutter/flutter,156053,2015-03-06T22:54:58Z,2023-08-23T00:11:18Z,2,Dart,85791,74321,36444
github/gitignore,150736,2010-11-08T20:17:14Z,2023-08-22T21:55:59Z,0,,0,0,3528
microsoft/vscode,149620,2015-09-03T20:23:38Z,2023-08-23T00:19:00Z,109,TypeScript,161812,154416,112502
ossu/computer-science,147591,2014-05-04T00:18:39Z,2023-08-23T00:05:59Z,0,,613,596,998
Significant-Gravitas/Auto-GPT,146975,2023-03-16T09:21:07Z,2023-08-23T00:04:37Z,18,Python,1933,1317,2300
awesome-selfhosted/awesome-selfhosted,144756,2015-06-01T02:33:17Z,2023-08-23T00:21:53Z,1,,803,803,6328
jackfrued/Python-100-Days,139057,2018-03-01T16:05:52Z,2023-08-23T00:24:27Z,0,Python,608,102,372
jlevy/the-art-of-command-line,138855,2015-05-20T15:11:03Z,2023-08-22T22:44:47Z,0,,237,131,1218
Snailclimb/JavaGuide,136277,2018-05-07T13:27:00Z,2023-08-23T00:19:06Z,0,Java,913,854,4985
airbnb/javascript,136039,2012-11-01T23:13:50Z,2023-08-22T22:17:56Z,0,JavaScript,1263,1170,1964
ytdl-org/youtube-dl,122936,2010-10-31T14:35:07Z,2023-08-23T00:14:44Z,341,Python,26299,22458,18776
labuladong/fucking-algorithm,117709,2020-02-19T09:01:23Z,2023-08-23T00:06:09Z,1,Markdown,786,449,465
30-seconds/30-seconds-of-code,114895,2017-11-29T17:35:03Z,2023-08-22T23:50:48Z,5,JavaScript,285,283,9000
practical-tutorials/project-based-learning,114301,2017-04-12T05:07:46Z,2023-08-23T00:24:18Z,0,,80,57,570
golang/go,113802,2014-08-19T04:33:40Z,2023-08-23T00:19:58Z,0,Go,57649,49371,57686
facebook/react-native,111383,2015-01-09T18:10:16Z,2023-08-23T00:19:59Z,274,C++,24785,23317,28732
vercel/next.js,110662,2016-10-05T23:32:51Z,2023-08-23T00:06:14Z,1000,JavaScript,17525,15412,17118
huggingface/transformers,110560,2018-10-29T13:56:00Z,2023-08-23T00:03:33Z,123,Python,12526,11940,13770
electron/electron,108724,2013-04-12T01:47:36Z,2023-08-22T22:10:53Z,1000,C++,18696,17875,27611
avelino/awesome-go,106843,2014-07-06T13:42:15Z,2023-08-23T00:21:53Z,0,Go,584,583,4595
d3/d3,106096,2010-09-27T17:22:42Z,2023-08-23T00:20:01Z,193,Shell,2159,2155,4466
trimstray/the-book-of-secret-knowledge,105004,2018-06-23T10:43:14Z,2023-08-23T00:21:52Z,0,,0,0,1066
justjavac/free-programming-books-zh_CN,104416,2013-11-04T01:59:19Z,2023-08-22T23:56:35Z,3,,0,0,922
axios/axios,101373,2014-08-18T22:30:27Z,2023-08-22T22:49:39Z,60,JavaScript,4265,3836,1451
kubernetes/kubernetes,101063,2014-06-06T22:56:04Z,2023-08-23T00:02:39Z,618,Go,43692,41900,117960
facebook/create-react-app,100604,2016-07-17T14:55:11Z,2023-08-22T22:20:04Z,83,JavaScript,8141,6501,2802
AUTOMATIC1111/stable-diffusion-webui,98177,2022-08-22T14:05:26Z,2023-08-22T23:57:37Z,13,Python,6061,4569,5307
nodejs/node,97240,2014-11-26T19:57:11Z,2023-08-23T00:24:31Z,352,JavaScript,16422,15079,39518
yangshun/tech-interview-handbook,94156,2016-07-05T05:00:48Z,2023-08-22T23:06:31Z,0,TypeScript,75,58,1260
microsoft/PowerToys,94090,2019-05-01T17:44:02Z,2023-08-23T00:14:26Z,83,C#,23392,18303,6783
mrdoob/three.js,93999,2010-03-23T18:58:01Z,2023-08-22T22:18:38Z,147,JavaScript,11863,11486,41991
microsoft/TypeScript,93542,2014-06-17T15:28:39Z,2023-08-23T00:20:03Z,181,TypeScript,37942,32343,35083
goldbergyoni/nodebestpractices,92350,2017-09-15T08:33:19Z,2023-08-22T23:11:27Z,0,Dockerfile,311,281,3902
denoland/deno,90493,2018-05-15T01:34:26Z,2023-08-22T22:49:18Z,239,Rust,8312,6932,9814
microsoft/terminal,90048,2017-08-11T18:38:22Z,2023-08-22T22:14:58Z,93,C++,11565,10115,3729
angular/angular,89813,2014-09-18T16:12:01Z,2023-08-22T20:09:29Z,301,TypeScript,25599,24316,27675
Genymobile/scrcpy,89662,2017-11-21T18:00:27Z,2023-08-23T00:25:02Z,32,C,3815,2371,2218
mui/material-ui,88289,2014-08-18T19:11:54Z,2023-08-22T22:32:23Z,420,TypeScript,17798,16398,22626
ant-design/ant-design,87200,2015-04-24T15:37:24Z,2023-08-22T20:27:17Z,599,TypeScript,27344,26422,25914
f/awesome-chatgpt-prompts,86923,2022-12-05T13:54:13Z,2023-08-22T23:59:34Z,0,HTML,0,0,396
ryanmcdermott/clean-code-javascript,84669,2016-11-25T22:25:41Z,2023-08-22T23:55:38Z,0,JavaScript,147,81,546
rust-lang/rust,84628,2010-06-16T20:39:03Z,2023-08-23T00:20:07Z,114,Rust,49536,40574,232521
puppeteer/puppeteer,84346,2017-05-09T22:16:13Z,2023-08-23T00:25:02Z,287,TypeScript,6186,5892,3830
PanJiaChen/vue-element-admin,83675,2017-04-17T03:35:49Z,2023-08-22T17:40:32Z,49,Vue,3547,2344,1019
iluwatar/java-design-patterns,83338,2014-08-09T16:45:18Z,2023-08-22T23:32:20Z,0,Java,856,669,3486
storybookjs/storybook,79879,2016-03-18T04:23:44Z,2023-08-22T21:19:09Z,1000,TypeScript,11261,9621,52712
nvbn/thefuck,79046,2015-04-08T15:08:04Z,2023-08-23T00:21:11Z,17,Python,682,458,1650
animate-css/animate.css,78443,2011-10-12T10:07:38Z,2023-08-22T17:51:22Z,22,CSS,851,827,662
gothinkster/realworld,76085,2016-02-26T20:49:53Z,2023-08-22T21:42:06Z,0,TypeScript,520,467,925
tensorflow/models,76054,2016-02-05T01:15:20Z,2023-08-22T14:07:00Z,36,Jupyter Notebook,7168,6126,9156
papers-we-love/papers-we-love,75842,2013-12-15T14:31:41Z,2023-08-22T23:52:29Z,0,Shell,223,212,866
microsoft/Web-Dev-For-Beginners,75036,2020-11-10T02:44:00Z,2023-08-22T23:14:21Z,0,JavaScript,258,232,1667
laravel/laravel,74436,2011-06-08T03:06:08Z,2023-08-22T22:41:08Z,147,PHP,0,0,6909
MisterBooo/LeetCodeAnimation,73569,2018-12-06T08:01:22Z,2023-08-22T16:50:46Z,0,Java,59,42,246
521xueweihan/HelloGitHub,73147,2016-05-04T06:24:11Z,2023-08-22T23:32:23Z,33,Python,2499,2391,167
django/django,72618,2012-04-28T02:47:18Z,2023-08-23T00:20:10Z,0,Python,0,0,31929
mtdvio/every-programmer-should-know,72409,2017-08-24T13:18:26Z,2023-08-23T00:16:42Z,0,,42,18,282
ripienaar/free-for-dev,72268,2015-03-18T21:06:26Z,2023-08-22T23:41:37Z,0,HTML,0,0,5239
FortAwesome/Font-Awesome,72124,2012-02-17T14:19:43Z,2023-08-23T00:20:16Z,52,JavaScript,19003,13617,14
tonsky/FiraCode,72064,2014-11-11T19:32:38Z,2023-08-23T00:20:17Z,29,Clojure,1282,921,585
sveltejs/svelte,72014,2016-11-20T18:13:05Z,2023-08-22T23:38:06Z,13,JavaScript,5219,4442,7482
tailwindlabs/tailwindcss,71341,2017-10-06T14:59:14Z,2023-08-22T23:36:59Z,213,HTML,2964,2959,5253
doocs/advanced-java,71301,2018-10-06T11:38:30Z,2023-08-22T22:08:09Z,1,Java,141,138,734
bitcoin/bitcoin,71027,2010-12-19T15:16:43Z,2023-08-23T00:20:18Z,43,C++,7551,7201,38414
fatedier/frp,71022,2015-12-21T15:24:59Z,2023-08-22T23:33:37Z,84,Go,2857,2781,1100
gin-gonic/gin,70960,2014-06-16T23:57:25Z,2023-08-23T00:21:44Z,25,Go,2070,1533,1695
opencv/opencv,70748,2012-07-19T09:40:17Z,2023-08-22T22:38:04Z,60,C++,9946,7543,33274
pytorch/pytorch,69973,2016-08-13T05:26:41Z,2023-08-23T00:18:18Z,45,Python,35870,24225,63218
nvm-sh/nvm,69472,2010-04-15T17:47:47Z,2023-08-23T00:05:06Z,64,Shell,2002,1670,2143
vuejs/awesome-vue,69320,2015-10-20T00:16:14Z,2023-08-22T14:16:45Z,0,,217,187,5060
macrozheng/mall,69240,2018-04-04T01:11:44Z,2023-08-22T16:53:57Z,2,Java,469,444,986
spring-projects/spring-boot,68994,2012-10-19T15:02:57Z,2023-08-23T00:10:11Z,182,Java,30859,30254,44638
neovim/neovim,68753,2014-01-31T13:39:22Z,2023-08-22T23:59:00Z,33,Vim Script,10100,8713,26794
gohugoio/hugo,68678,2013-07-04T15:26:26Z,2023-08-23T00:20:25Z,237,Go,6658,6084,7828
Hack-with-Github/Awesome-Hacking,68247,2016-03-30T15:47:10Z,2023-08-23T00:20:06Z,0,,0,0,115
typicode/json-server,68100,2013-11-27T13:21:13Z,2023-08-23T00:20:26Z,13,JavaScript,1060,483,872
tauri-apps/tauri,67794,2019-07-13T09:09:37Z,2023-08-22T23:40:55Z,607,Rust,2925,2422,3894
iptv-org/iptv,67660,2018-11-14T22:00:57Z,2023-08-22T22:51:13Z,0,JavaScript,6820,6313,27269
florinpop17/app-ideas,66558,2019-02-25T18:36:56Z,2023-08-23T00:01:44Z,0,,115,38,536
moby/moby,66531,2013-01-18T18:10:57Z,2023-08-22T17:52:15Z,139,Go,22092,18409,47145
webpack/webpack,63443,2012-03-10T10:08:14Z,2023-08-23T00:20:58Z,404,JavaScript,9619,9426,16335
jaywcjlove/awesome-mac,62898,2016-07-17T15:33:47Z,2023-08-22T23:21:43Z,6,JavaScript,378,273,1929
home-assistant/core,62401,2013-09-17T07:29:48Z,2023-08-22T22:16:29Z,1000,Python,40926,38853,65608
coder/code-server,61719,2019-02-27T16:50:41Z,2023-08-22T23:56:55Z,120,TypeScript,3285,2994,3609
tiangolo/fastapi,61705,2018-12-08T08:21:47Z,2023-08-22T21:42:38Z,163,Python,3345,3325,3160
expressjs/express,61675,2009-06-26T18:56:01Z,2023-08-22T23:07:11Z,147,JavaScript,3753,3628,5776
chartjs/Chart.js,61534,2013-03-17T23:56:36Z,2023-08-22T17:16:23Z,105,JavaScript,6909,6631,4469
redis/redis,61152,2009-03-21T22:32:25Z,2023-08-22T22:00:02Z,57,C,6133,4207,11832
resume/resume.github.com,60591,2011-02-06T13:39:55Z,2023-08-22T21:12:48Z,0,JavaScript,111,59,263
protocolbuffers/protobuf,60504,2014-08-26T15:52:15Z,2023-08-22T22:41:41Z,139,C++,5682,4947,12447
home-assistant/core,62401,2013-09-17T07:29:48Z,2023-08-22T22:16:29Z,1000,Python,40926,38853,65608
base-org/node,61786,2023-02-01T13:55:02Z,2023-08-23T00:03:28Z,13,Shell,41,33,56
coder/code-server,61719,2019-02-27T16:50:41Z,2023-08-22T23:56:55Z,120,TypeScript,3285,2994,3609
tiangolo/fastapi,61705,2018-12-08T08:21:47Z,2023-08-22T21:42:38Z,163,Python,3345,3325,3160
expressjs/express,61675,2009-06-26T18:56:01Z,2023-08-22T23:07:11Z,147,JavaScript,3753,3628,5776
chartjs/Chart.js,61534,2013-03-17T23:56:36Z,2023-08-22T17:16:23Z,105,JavaScript,6909,6631,4469
redis/redis,61152,2009-03-21T22:32:25Z,2023-08-22T22:00:02Z,57,C,6133,4207,11832
resume/resume.github.com,60591,2011-02-06T13:39:55Z,2023-08-22T21:12:48Z,0,JavaScript,111,59,263
protocolbuffers/protobuf,60504,2014-08-26T15:52:15Z,2023-08-22T22:41:41Z,139,C++,5682,4947,12447
mermaid-js/mermaid,60303,2014-11-01T23:52:32Z,2023-08-23T00:20:58Z,112,JavaScript,2501,1662,8448
kdn251/interviews,60277,2017-02-14T18:19:25Z,2023-08-23T00:21:01Z,0,Java,52,22,445
reduxjs/redux,59852,2015-05-29T23:53:15Z,2023-08-22T22:32:56Z,74,TypeScript,2010,1972,3807
Fndroid/clash_for_windows_pkg,59789,2018-10-18T22:59:10Z,2023-08-23T00:20:27Z,206,,4496,4277,38
josephmisiti/awesome-machine-learning,59786,2014-07-15T19:11:19Z,2023-08-23T00:20:45Z,0,Python,84,84,1887
twitter/the-algorithm,59590,2023-03-27T14:57:57Z,2023-08-23T00:21:03Z,0,Scala,833,658,30
atom/atom,59553,2012-01-20T18:18:21Z,2023-08-23T00:22:37Z,538,JavaScript,17118,16155,38533
langchain-ai/langchain,59543,2022-10-17T02:58:36Z,2023-08-22T23:37:03Z,218,Python,3394,1037,3954
CompVis/stable-diffusion,59283,2022-08-10T14:36:44Z,2023-08-22T22:00:38Z,0,Jupyter Notebook,643,176,33
adam-p/markdown-here,59111,2012-05-13T03:27:22Z,2023-08-22T20:04:06Z,11,JavaScript,607,308,807
angular/angular.js,59103,2010-01-06T00:34:37Z,2023-08-23T00:22:39Z,0,JavaScript,9039,8648,9073
keras-team/keras,59056,2015-03-28T00:35:42Z,2023-08-23T00:21:23Z,51,Python,11788,11508,8343
Developer-Y/cs-video-courses,59030,2016-10-21T17:02:11Z,2023-08-22T23:28:11Z,0,,0,0,343
nestjs/nest,59004,2017-02-04T20:12:52Z,2023-08-22T22:22:32Z,88,TypeScript,4909,4868,14313
vitejs/vite,58843,2020-04-21T05:03:57Z,2023-08-23T00:26:33Z,325,TypeScript,6110,5671,5916
socketio/socket.io,58793,2010-03-11T18:24:48Z,2023-08-22T23:09:16Z,59,TypeScript,3365,3290,1993
xingshaocheng/architect-awesome,58385,2018-04-06T13:30:58Z,2023-08-23T00:10:23Z,0,,69,22,307
ansible/ansible,58329,2012-03-06T14:58:02Z,2023-08-22T23:45:44Z,30,Python,31639,31079,53938
anuraghazra/github-readme-stats,58319,2020-07-09T10:34:22Z,2023-08-22T23:07:36Z,0,JavaScript,1065,973,1007
jquery/jquery,57767,2009-04-03T15:20:14Z,2023-08-22T23:28:29Z,7,JavaScript,2265,2197,6631
h5bp/Front-end-Developer-Interview-Questions,57715,2012-02-09T23:34:10Z,2023-08-22T21:08:29Z,0,Nunjucks,133,127,951
enaqx/awesome-react,57648,2014-08-06T05:31:44Z,2023-08-23T00:22:15Z,0,,96,93,1976
kelseyhightower/nocode,57423,2018-02-06T23:54:00Z,2023-08-22T19:56:42Z,1,Dockerfile,4525,628,4
leonardomso/33-js-concepts,57223,2018-09-04T13:27:04Z,2023-08-23T00:23:36Z,0,JavaScript,56,37,621
lodash/lodash,57006,2012-04-07T04:11:46Z,2023-08-22T18:42:46Z,2,JavaScript,4153,3795,8005
DopplerHQ/awesome-interview-questions,56950,2015-11-28T09:48:17Z,2023-08-22T23:41:31Z,0,,35,29,449
shadowsocks/shadowsocks-windows,56888,2013-01-14T07:54:16Z,2023-08-22T22:59:28Z,55,C#,2867,2727,1718
grafana/grafana,56760,2013-12-11T15:59:56Z,2023-08-22T23:00:51Z,375,TypeScript,31306,27803,44666
bregman-arie/devops-exercises,56559,2019-10-03T17:31:21Z,2023-08-23T00:16:02Z,0,Python,68,53,718
apache/echarts,56102,2013-04-03T03:18:59Z,2023-08-22T13:47:44Z,111,TypeScript,17258,15015,9136
lydiahallie/javascript-questions,55870,2019-06-12T08:26:27Z,2023-08-22T21:09:00Z,0,,220,217,1332
supabase/supabase,55596,2019-10-12T05:56:49Z,2023-08-23T00:22:58Z,28,TypeScript,2487,2156,24396
awesomedata/awesome-public-datasets,55570,2014-11-20T06:20:50Z,2023-08-23T00:15:47Z,0,,110,47,768
strapi/strapi,55550,2015-09-30T15:34:48Z,2023-08-22T22:49:38Z,292,JavaScript,8148,7826,32242
MunGell/awesome-for-beginners,55517,2015-10-24T19:53:36Z,2023-08-23T00:22:28Z,0,,134,117,462
scikit-learn/scikit-learn,55461,2010-08-17T09:43:38Z,2023-08-23T00:26:36Z,34,Python,10349,8745,30291
chrislgarry/Apollo-11,55296,2014-04-03T15:45:02Z,2023-08-22T19:59:27Z,0,Assembly,377,316,538
python/cpython,55271,2017-02-10T19:23:51Z,2023-08-22T23:44:24Z,0,Python,64307,57447,118346
Anduin2017/HowToCook,55221,2020-02-29T10:43:49Z,2023-08-22T21:37:25Z,1,Shell,610,266,2119
h5bp/html5-boilerplate,55159,2010-01-24T18:03:24Z,2023-08-22T23:28:03Z,32,JavaScript,1309,1305,2475
gatsbyjs/gatsby,54703,2015-05-21T22:43:05Z,2023-08-22T22:27:20Z,132,JavaScript,13939,13846,21531
fighting41love/funNLP,54481,2018-08-21T11:20:39Z,2023-08-23T00:26:38Z,0,Python,61,47,157
yt-dlp/yt-dlp,54312,2020-10-26T04:22:55Z,2023-08-23T00:25:35Z,72,Python,5605,4498,21921
microsoft/playwright,54142,2019-11-15T18:32:42Z,2023-08-23T00:05:20Z,111,TypeScript,10778,10141,11183
junegunn/fzf,53917,2013-10-23T16:04:23Z,2023-08-22T23:43:13Z,30,Go,2439,2162,2409
hoppscotch/hoppscotch,53878,2019-08-21T13:15:24Z,2023-08-22T22:49:38Z,25,TypeScript,1088,937,4857
syncthing/syncthing,53830,2013-11-26T09:48:21Z,2023-08-23T00:15:00Z,339,Go,5170,4862,7187
ElemeFE/element,53606,2016-09-03T06:19:26Z,2023-08-22T14:23:01Z,144,Vue,17541,15208,4602
excalidraw/excalidraw,53527,2020-01-02T01:04:43Z,2023-08-22T22:23:46Z,9,TypeScript,2670,1699,3173
apache/superset,53479,2015-07-21T18:55:34Z,2023-08-22T23:58:39Z,138,TypeScript,9397,8213,13845
rails/rails,53382,2008-04-11T02:19:47Z,2023-08-23T00:19:29Z,102,Ruby,16516,16118,88561
microsoft/ML-For-Beginners,53207,2021-03-03T01:34:05Z,2023-08-23T00:21:59Z,0,HTML,0,0,1600
TheAlgorithms/Java,53192,2016-07-16T10:21:02Z,2023-08-22T23:31:42Z,0,Java,839,835,1911
3b1b/manim,52967,2015-03-22T18:50:58Z,2023-08-22T22:13:11Z,10,Python,1082,709,5774
bradtraversy/design-resources-for-developers,52928,2020-05-06T14:40:35Z,2023-08-22T23:24:49Z,0,,87,87,2096
spring-projects/spring-framework,52853,2010-12-08T04:04:45Z,2023-08-23T00:22:40Z,265,Java,23919,22790,27711
tesseract-ocr/tesseract,52825,2014-08-12T18:04:59Z,2023-08-22T20:38:21Z,26,C++,2535,2149,6251
sindresorhus/awesome-nodejs,52433,2014-07-11T13:35:34Z,2023-08-23T00:22:31Z,0,,100,100,852
ventoy/Ventoy,52160,2020-03-10T15:19:19Z,2023-08-22T22:46:24Z,92,C,1902,1431,1030
azl397985856/leetcode,51971,2018-03-30T09:13:51Z,2023-08-22T23:37:49Z,40,JavaScript,248,241,1757
sdmg15/Best-websites-a-programmer-should-visit,51948,2017-03-05T20:25:17Z,2023-08-22T21:09:17Z,0,,108,71,1148
prakhar1989/awesome-courses,48708,2014-11-15T18:36:49Z,2023-08-23T00:22:36Z,0,,72,39,554
google/material-design-icons,48504,2014-10-08T18:01:28Z,2023-08-22T21:54:15Z,16,,1294,1053,227
danielmiessler/SecLists,48447,2012-02-19T01:30:18Z,2023-08-22T23:23:02Z,21,PHP,223,198,1640
fffaraz/awesome-cpp,48358,2014-07-17T08:51:11Z,2023-08-23T00:22:44Z,0,,566,225,1695
alacritty/alacritty,48206,2016-02-18T05:02:30Z,2023-08-23T00:22:44Z,84,Rust,5019,4721,2164
scrapy/scrapy,48196,2010-02-22T02:01:14Z,2023-08-22T22:20:38Z,33,Python,2844,2365,10032
google/guava,48159,2014-05-29T16:23:17Z,2023-08-22T23:39:30Z,40,Java,3487,2855,6156
localstack/localstack,48136,2016-10-25T23:48:03Z,2023-08-22T22:16:45Z,65,Python,4708,4370,4753
Solido/awesome-flutter,48134,2017-05-07T11:45:27Z,2023-08-23T00:22:48Z,0,Dart,0,0,1814
soimort/you-get,48013,2012-08-20T15:53:36Z,2023-08-22T23:10:25Z,118,Python,0,0,2515
prometheus/prometheus,49571,2012-11-24T11:14:12Z,2023-08-22T22:03:44Z,267,Go,5176,4496,11522
ionic-team/ionic-framework,49433,2013-08-20T23:06:02Z,2023-08-22T19:05:47Z,721,TypeScript,21085,20666,13093
ageitgey/face_recognition,49103,2017-03-03T21:52:39Z,2023-08-22T20:32:22Z,2,Python,1290,583,238
caddyserver/caddy,48763,2015-01-13T19:45:03Z,2023-08-22T23:56:19Z,110,Go,3547,3459,1755
prakhar1989/awesome-courses,48708,2014-11-15T18:36:49Z,2023-08-23T00:22:36Z,0,,72,39,554
google/material-design-icons,48504,2014-10-08T18:01:28Z,2023-08-22T21:54:15Z,16,,1294,1053,227
danielmiessler/SecLists,48447,2012-02-19T01:30:18Z,2023-08-22T23:23:02Z,21,PHP,223,198,1640
fffaraz/awesome-cpp,48358,2014-07-17T08:51:11Z,2023-08-23T00:22:44Z,0,,566,225,1695
alacritty/alacritty,48206,2016-02-18T05:02:30Z,2023-08-23T00:22:44Z,84,Rust,5019,4721,2164
scrapy/scrapy,48196,2010-02-22T02:01:14Z,2023-08-22T22:20:38Z,33,Python,2844,2365,10032
google/guava,48159,2014-05-29T16:23:17Z,2023-08-22T23:39:30Z,40,Java,3487,2855,6156
localstack/localstack,48136,2016-10-25T23:48:03Z,2023-08-22T22:16:45Z,65,Python,4708,4370,4753
Solido/awesome-flutter,48134,2017-05-07T11:45:27Z,2023-08-23T00:22:48Z,0,Dart,0,0,1814
soimort/you-get,48013,2012-08-20T15:53:36Z,2023-08-22T23:10:25Z,118,Python,0,0,2515
binhnguyennus/awesome-scalability,47850,2017-12-27T03:46:40Z,2023-08-23T00:22:53Z,0,,0,0,1167
moment/moment,47510,2011-03-01T02:46:06Z,2023-08-22T16:26:42Z,0,JavaScript,4066,3839,3980
jgthms/bulma,47438,2016-01-23T23:48:34Z,2023-08-23T00:03:36Z,17,CSS,2480,2279,1741
ReactiveX/RxJava,47183,2013-01-08T20:11:48Z,2023-08-22T23:32:20Z,231,Java,3130,3114,6042
jekyll/jekyll,47136,2008-10-20T06:29:03Z,2023-08-22T20:17:00Z,107,Ruby,4716,4634,11671
wasabeef/awesome-android-ui,47131,2014-12-24T01:45:03Z,2023-08-23T00:23:00Z,0,,104,92,459
git/git,47116,2008-07-23T14:21:26Z,2023-08-22T23:35:36Z,0,C,0,0,70876
facebook/docusaurus,47105,2017-06-20T16:13:53Z,2023-08-22T17:37:57Z,128,TypeScript,2708,2453,5653
nuxt/nuxt,46993,2016-10-26T11:18:47Z,2023-08-22T23:34:07Z,194,TypeScript,12614,11707,4639
juliangarnier/anime,46867,2016-03-13T21:37:45Z,2023-08-22T21:54:49Z,14,JavaScript,686,498,736
deepfakes/faceswap,46752,2017-12-19T09:44:13Z,2023-08-22T20:32:35Z,4,Python,818,800,1769
NARKOZ/hacker-scripts,46718,2015-11-21T19:05:09Z,2023-08-22T22:55:00Z,0,JavaScript,77,39,150
openai/openai-cookbook,46639,2022-03-11T02:08:53Z,2023-08-22T23:41:39Z,0,Jupyter Notebook,235,142,573
prettier/prettier,46445,2016-11-29T17:13:37Z,2023-08-22T23:38:08Z,103,JavaScript,6166,5177,8676
2dust/v2rayN,46381,2019-07-30T03:47:24Z,2023-08-22T23:31:15Z,159,C#,3582,3428,1055
d2l-ai/d2l-zh,46188,2017-08-23T04:40:24Z,2023-08-22T18:24:35Z,16,Python,0,0,4116
Alvin9999/new-pac,46016,2016-03-23T08:43:36Z,2023-08-22T18:25:15Z,0,,1450,1088,1678
Dreamacro/clash,45873,2018-06-10T14:28:14Z,2023-08-22T23:51:09Z,55,Go,2041,1987,916
ryanoasis/nerd-fonts,45834,2014-12-05T04:31:17Z,2023-08-22T20:23:19Z,32,CSS,808,784,2175
JetBrains/kotlin,45532,2012-02-13T17:29:58Z,2023-08-23T00:16:14Z,207,Kotlin,0,0,103904
rustdesk/rustdesk,45457,2020-09-28T15:36:08Z,2023-08-23T00:22:46Z,11,Rust,2108,2044,7286
tldr-pages/tldr,45193,2013-12-08T07:34:43Z,2023-08-23T00:02:36Z,2,Markdown,1105,950,12250
minimaxir/big-list-of-naughty-strings,45133,2015-08-08T20:57:20Z,2023-08-22T21:28:38Z,0,Python,92,31,273
serverless/serverless,45078,2015-04-21T03:48:40Z,2023-08-22T23:21:40Z,367,JavaScript,6007,5013,15710
DefinitelyTyped/DefinitelyTyped,44992,2012-10-05T16:39:45Z,2023-08-23T00:11:42Z,1,TypeScript,7911,7215,84552
cypress-io/cypress,44659,2015-03-04T00:46:28Z,2023-08-22T23:29:16Z,314,JavaScript,13153,11847,19805
chinese-poetry/chinese-poetry,44555,2016-09-02T03:32:25Z,2023-08-22T12:28:29Z,1,JavaScript,183,82,606
ziishaned/learn-regex,44431,2017-07-22T12:21:03Z,2023-08-22T23:51:54Z,0,,84,35,328
Textualize/rich,44430,2019-11-10T15:28:09Z,2023-08-22T21:15:15Z,157,Python,1138,1022,3833
square/okhttp,44391,2012-07-23T13:42:55Z,2023-08-22T22:40:58Z,0,Kotlin,3878,3792,5434
CorentinJ/Real-Time-Voice-Cloning,44321,2019-05-26T08:56:15Z,2023-08-23T00:10:07Z,0,Python,1027,881,296
traefik/traefik,44311,2015-09-13T19:04:02Z,2023-08-22T23:59:29Z,397,Go,5500,4881,4773
etcd-io/etcd,44272,2013-07-06T21:57:21Z,2023-08-22T22:08:18Z,225,Go,6299,6141,20148
xtekky/gpt4free,44221,2023-03-29T17:00:43Z,2023-08-23T00:24:40Z,5,Python,517,340,721
algorithm-visualizer/algorithm-visualizer,44063,2016-05-15T00:27:45Z,2023-08-22T21:23:18Z,0,JavaScript,106,74,667
iamkun/dayjs,43873,2018-04-10T09:26:44Z,2023-08-22T19:05:17Z,115,JavaScript,1422,778,1486
TryGhost/Ghost,43821,2013-05-04T11:09:13Z,2023-08-22T22:44:56Z,697,JavaScript,6645,6603,36158
vsouza/awesome-ios,43698,2014-07-10T16:03:45Z,2023-08-22T22:52:17Z,0,Swift,465,465,6346
mastodon/mastodon,43694,2016-02-22T15:01:25Z,2023-08-22T23:43:44Z,205,Ruby,9891,6146,14177
meteor/meteor,43645,2012-01-19T01:58:17Z,2023-08-22T18:07:50Z,0,JavaScript,8903,8707,33935
mozilla/pdf.js,43552,2011-04-26T06:32:03Z,2023-08-22T19:32:20Z,54,JavaScript,9132,8807,17746
ethereum/go-ethereum,43406,2013-12-26T13:05:46Z,2023-08-23T00:18:53Z,175,Go,7445,7191,14428
openai/whisper,43403,2022-09-16T20:02:54Z,2023-08-22T23:11:18Z,6,Python,0,0,118
oven-sh/bun,43264,2021-04-14T00:48:17Z,2023-08-23T00:09:51Z,90,Zig,2369,1383,7221
pi-hole/pi-hole,43172,2014-06-08T15:02:55Z,2023-08-22T23:34:28Z,100,Shell,2724,2693,5756
android/architecture-samples,43057,2016-02-05T13:42:07Z,2023-08-22T21:23:08Z,0,Kotlin,464,333,807
v2ray/v2ray-core,43000,2015-09-04T11:42:53Z,2023-08-22T20:32:09Z,247,Go,2536,2519,5389
JuliaLang/julia,42992,2011-04-21T07:01:50Z,2023-08-22T21:26:09Z,144,Julia,23503,19720,55080
aymericdamien/TensorFlow-Examples,42905,2015-11-11T14:21:19Z,2023-08-23T00:04:24Z,0,Jupyter Notebook,231,69,250
PlexPt/awesome-chatgpt-prompts-zh,42881,2022-12-12T01:55:03Z,2023-08-22T22:49:27Z,0,,87,53,160
ColorlibHQ/AdminLTE,42854,2013-12-25T02:52:40Z,2023-08-22T20:25:53Z,72,Astro,2783,2701,2498
sherlock-project/sherlock,42852,2018-12-24T14:30:48Z,2023-08-22T23:49:19Z,0,Python,814,734,2097
gogs/gogs,42786,2014-02-12T01:57:08Z,2023-08-22T20:38:07Z,78,Go,5014,4176,5926
karan/Projects,42752,2013-07-04T13:37:27Z,2023-08-22T21:20:22Z,0,,71,32,182
sharkdp/bat,42611,2018-04-21T10:52:23Z,2023-08-22T21:10:43Z,39,Rust,1245,1039,2648
parcel-bundler/parcel,42608,2017-08-07T16:36:47Z,2023-08-22T20:19:52Z,29,JavaScript,5130,4484,2980
jestjs/jest,42546,2013-12-10T00:18:04Z,2023-08-22T17:52:55Z,194,TypeScript,7484,7101,6885
babel/babel,42474,2014-09-28T13:38:23Z,2023-08-22T21:57:15Z,360,TypeScript,8566,7922,15944
nektos/act,42334,2019-01-02T19:53:43Z,2023-08-23T00:12:01Z,57,Go,950,795,982
jgraph/drawio-desktop,42294,2017-05-25T20:58:42Z,2023-08-22T23:42:46Z,114,JavaScript,1188,1035,667
astaxie/build-web-application-with-golang,42261,2012-08-02T11:49:35Z,2023-08-22T23:54:41Z,0,Go,296,182,5178
FiloSottile/mkcert,42247,2018-06-25T05:33:03Z,2023-08-22T21:17:55Z,14,Go,327,231,164
tiimgreen/github-cheat-sheet,42102,2014-04-12T16:38:42Z,2023-08-23T00:12:38Z,0,,62,45,506
iperov/DeepFaceLab,42089,2018-06-04T13:10:00Z,2023-08-22T23:41:05Z,2,Python,1322,792,1313
typescript-cheatsheets/react,41974,2018-06-02T04:08:16Z,2023-08-22T23:33:07Z,0,JavaScript,191,189,1012
square/retrofit,41922,2010-09-06T21:39:43Z,2023-08-22T23:39:50Z,0,Java,2647,2493,2077
NationalSecurityAgency/ghidra,41872,2019-03-01T03:27:48Z,2023-08-22T21:28:41Z,29,Java,4056,2822,10187
AntonOsika/gpt-engineer,41863,2023-04-29T12:52:15Z,2023-08-23T00:10:52Z,7,Python,295,245,405
justjavac/awesome-wechat-weapp,41861,2016-09-22T20:04:48Z,2023-08-22T13:45:46Z,0,,0,0,602
Avik-Jain/100-Days-Of-ML-Code,41665,2018-07-05T09:11:43Z,2023-08-23T00:04:39Z,0,,0,0,109
kamranahmedse/design-patterns-for-humans,41663,2017-02-16T21:24:39Z,2023-08-22T23:59:07Z,0,,50,47,141
x64dbg/x64dbg,41381,2015-04-11T20:48:23Z,2023-08-22T22:41:28Z,3,C++,2335,1785,5158
vercel/hyper,41376,2016-07-01T06:01:21Z,2023-08-23T00:22:13Z,88,TypeScript,3688,2844,3736
commaai/openpilot,41360,2016-11-24T01:33:30Z,2023-08-22T23:31:07Z,52,Python,2278,2049,10320
golang-standards/project-layout,41305,2017-09-09T16:33:26Z,2023-08-22T23:27:50Z,0,Makefile,102,36,276
youngyangyang04/leetcode-master,41272,2019-12-14T12:05:42Z,2023-08-22T18:39:06Z,0,Shell,180,56,7044
Yidadaa/ChatGPT-Next-Web,41271,2023-03-10T18:27:54Z,2023-08-22T22:55:36Z,44,TypeScript,1612,1591,1335
yarnpkg/yarn,41251,2016-01-19T17:39:16Z,2023-08-22T22:21:02Z,150,JavaScript,6491,4660,2353
k88hudson/git-flight-rules,41217,2014-07-22T20:35:09Z,2023-08-22T18:27:29Z,0,,72,54,444
rust-lang/rustlings,41103,2015-09-15T02:25:18Z,2023-08-22T23:42:34Z,37,Rust,512,405,1911
marktext/marktext,41081,2017-11-12T16:05:25Z,2023-08-22T23:38:53Z,36,JavaScript,2595,1610,1605
ultralytics/yolov5,41007,2020-05-18T03:45:11Z,2023-08-23T00:08:47Z,10,Python,8341,8191,2694
ngosang/trackerslist,40987,2016-04-24T11:57:57Z,2023-08-22T18:15:37Z,0,,391,385,2830
pixijs/pixijs,40717,2013-01-21T22:40:50Z,2023-08-22T23:57:20Z,206,TypeScript,5226,5069,6508
minio/minio,40469,2015-01-14T19:23:58Z,2023-08-22T23:35:41Z,413,Go,6707,6687,10986
lencx/ChatGPT,40410,2022-12-07T09:43:02Z,2023-08-22T20:41:24Z,34,Rust,770,300,625
massgravel/Microsoft-Activation-Scripts,40365,2020-01-12T23:03:34Z,2023-08-23T00:18:14Z,7,Batchfile,179,179,89
PowerShell/PowerShell,40360,2016-01-13T23:41:35Z,2023-08-23T00:14:28Z,146,C#,11369,7972,10250
bailicangdu/vue2-elm,40299,2016-12-23T01:49:20Z,2023-08-23T00:26:38Z,0,Vue,620,508,511
binary-husky/gpt_academic,40024,2023-03-20T09:05:13Z,2023-08-22T23:17:27Z,21,Python,890,576,1401
iamadamdev/bypass-paywalls-chrome,39888,2018-04-07T20:33:19Z,2023-08-22T23:30:44Z,33,JavaScript,999,999,624
agalwood/Motrix,39829,2018-12-18T11:45:05Z,2023-08-22T18:52:37Z,21,JavaScript,1191,555,1170
rclone/rclone,39790,2014-03-16T16:19:57Z,2023-08-22T21:26:44Z,95,Go,4982,4160,7266
nwjs/nw.js,39782,2012-01-04T06:21:10Z,2023-08-22T20:42:39Z,0,JavaScript,7231,6348,5026
Alamofire/Alamofire,39692,2014-07-31T05:56:19Z,2023-08-22T19:31:53Z,95,Swift,2699,2662,1601
BurntSushi/ripgrep,39601,2016-03-11T02:02:33Z,2023-08-22T23:07:47Z,66,Rust,1486,1349,1821
vuejs/core,39595,2018-06-12T13:49:36Z,2023-08-22T23:34:08Z,156,TypeScript,4290,3573,5029
Unitech/pm2,39529,2013-05-21T03:25:25Z,2023-08-23T00:00:17Z,120,JavaScript,4787,4004,4998
pandas-dev/pandas,39474,2010-08-24T01:37:33Z,2023-08-23T00:23:12Z,99,Python,25011,21587,33147
styled-components/styled-components,39398,2016-08-16T06:41:32Z,2023-08-22T21:20:53Z,154,TypeScript,2765,2576,3549
jakevdp/PythonDataScienceHandbook,39320,2016-08-10T14:24:36Z,2023-08-23T00:22:03Z,0,Jupyter Notebook,181,75,235
apache/dubbo,39284,2012-06-19T07:56:02Z,2023-08-22T17:22:20Z,87,Java,6420,5517,7021
facebookresearch/llama,39064,2023-02-14T09:29:12Z,2023-08-23T00:13:42Z,0,Python,585,163,29
huginn/huginn,39062,2013-03-10T06:00:31Z,2023-08-22T23:50:57Z,1,Ruby,2062,1456,3669
dypsilon/frontend-dev-bookmarks,38967,2013-06-22T13:23:55Z,2023-08-23T00:23:18Z,1,,101,82,390
Dogfalo/materialize,38831,2014-09-12T19:35:38Z,2023-08-22T14:54:14Z,41,JavaScript,5219,4596,3878
grpc/grpc,38758,2014-12-08T18:58:53Z,2023-08-22T22:58:56Z,264,C++,10894,10301,53598
ggerganov/llama.cpp,38736,2023-03-10T18:58:00Z,2023-08-23T00:21:51Z,641,C,1114,723,1028
isocpp/CppCoreGuidelines,38604,2015-08-19T20:22:52Z,2023-08-22T22:09:55Z,4,Python,1108,881,2113
dcloudio/uni-app,38503,2018-07-12T08:52:39Z,2023-08-22T10:08:06Z,0,JavaScript,4046,2895,10229
discourse/discourse,38491,2013-01-12T00:25:55Z,2023-08-22T19:15:50Z,0,Ruby,0,0,50711
hashicorp/terraform,38467,2014-03-13T22:25:48Z,2023-08-22T22:29:41Z,260,Go,20045,18328,31443
meilisearch/meilisearch,38406,2018-04-23T11:45:28Z,2023-08-22T23:14:38Z,148,Rust,1583,1472,8417
poteto/hiring-without-whiteboards,38242,2017-03-15T05:09:01Z,2023-08-22T22:59:12Z,0,JavaScript,0,0,2020
Leaflet/Leaflet,38228,2010-09-22T16:57:44Z,2023-08-22T19:17:42Z,31,JavaScript,5063,4696,7702
jesseduffield/lazygit,38217,2018-05-19T00:53:06Z,2023-08-23T00:12:50Z,148,Go,1465,980,4691
google/zx,38193,2021-05-05T05:50:01Z,2023-08-22T20:12:12Z,58,JavaScript,351,304,488
GitSquared/edex-ui,38111,2017-01-28T09:35:02Z,2023-08-23T00:13:44Z,29,JavaScript,559,553,1428
romkatv/powerlevel10k,38081,2019-02-24T19:09:45Z,2023-08-22T21:39:30Z,32,Shell,2199,2171,4192
yangshun/front-end-interview-handbook,38074,2018-01-13T19:40:08Z,2023-08-22T19:41:12Z,0,MDX,93,75,642
laurent22/joplin,38034,2017-01-16T21:49:41Z,2023-08-22T22:59:22Z,299,TypeScript,5556,5242,9764
go-gitea/gitea,37996,2016-11-01T02:13:26Z,2023-08-22T23:49:47Z,174,Go,11519,9406,16223
Asabeneh/30-Days-Of-JavaScript,37940,2019-12-23T14:07:40Z,2023-08-22T21:33:47Z,0,JavaScript,133,52,567
faif/python-patterns,37929,2012-06-06T21:02:35Z,2023-08-22T18:43:06Z,0,Python,84,73,830
FFmpeg/FFmpeg,37897,2011-04-14T14:12:38Z,2023-08-22T23:45:01Z,0,C,0,0,111798
wagoodman/dive,37879,2018-05-13T15:44:01Z,2023-08-23T00:03:17Z,25,Go,290,162,477
streamich/react-use,37830,2018-10-27T10:16:05Z,2023-08-22T21:53:13Z,249,TypeScript,549,228,2947
vuetifyjs/vuetify,37726,2016-09-12T00:39:35Z,2023-08-22T23:14:49Z,497,TypeScript,12631,11651,14605
AppFlowy-IO/AppFlowy,37551,2021-06-16T12:56:48Z,2023-08-23T00:02:00Z,41,Dart,1439,943,4505
fastlane/fastlane,37448,2014-12-02T17:00:38Z,2023-08-22T21:34:47Z,533,Ruby,12635,12284,16431
facebookresearch/segment-anything,37421,2023-03-23T17:03:03Z,2023-08-22T23:15:27Z,0,Jupyter Notebook,445,119,46
nocodb/nocodb,37397,2017-10-29T18:51:48Z,2023-08-22T22:26:05Z,113,TypeScript,2368,1868,15633
akullpp/awesome-java,37392,2014-07-09T10:12:43Z,2023-08-22T22:52:29Z,0,,121,121,1641
hexojs/hexo,37299,2012-09-23T15:17:08Z,2023-08-22T22:12:26Z,109,JavaScript,3861,3796,3591
impress/impress.js,37298,2011-12-28T22:23:19Z,2023-08-22T18:47:56Z,15,JavaScript,473,415,413
firstcontributions/first-contributions,37185,2016-09-20T14:35:09Z,2023-08-22T23:24:53Z,0,,614,594,20967
alex/what-happens-when,37131,2013-11-07T04:30:06Z,2023-08-22T17:18:04Z,0,,187,35,294
louislam/uptime-kuma,37113,2021-07-03T01:02:42Z,2023-08-22T22:20:49Z,90,JavaScript,2491,1644,4577
gorhill/uBlock,37058,2015-04-01T17:51:11Z,2023-08-23T00:02:50Z,288,JavaScript,3450,3437,11298
topjohnwu/Magisk,36998,2016-09-08T12:42:53Z,2023-08-23T00:18:56Z,128,C++,5028,5012,6449
brillout/awesome-react-components,36877,2016-06-24T15:19:33Z,2023-08-23T00:23:23Z,0,,45,44,915
Homebrew/brew,36844,2016-03-06T05:08:38Z,2023-08-23T00:09:06Z,323,Ruby,4114,4091,36766
PhilJay/MPAndroidChart,36732,2014-04-25T14:29:47Z,2023-08-22T21:27:34Z,44,Java,4888,2876,2070
quilljs/quill,36727,2012-07-30T23:23:18Z,2023-08-22T20:45:17Z,82,TypeScript,3224,1953,5455
imartinez/privateGPT,36549,2023-05-02T09:15:31Z,2023-08-23T00:19:02Z,0,Python,563,167,123
apache/spark,36508,2014-02-25T08:00:08Z,2023-08-22T20:27:10Z,0,Scala,0,0,37824
serhii-londar/open-source-mac-os-apps,36490,2017-11-03T02:35:33Z,2023-08-22T22:47:57Z,0,,188,145,1282
FreeCodeCampChina/freecodecamp.cn,36444,2016-09-30T03:13:43Z,2023-08-22T16:48:14Z,0,CSS,584,444,8845
react-hook-form/react-hook-form,36422,2019-03-05T23:47:10Z,2023-08-22T20:59:04Z,530,TypeScript,3953,3946,3511
rust-unofficial/awesome-rust,36407,2014-07-17T10:45:10Z,2023-08-23T00:23:32Z,0,Rust,126,115,4119
kelseyhightower/kubernetes-the-hard-way,36304,2016-07-07T14:15:27Z,2023-08-22T23:04:44Z,0,,375,292,285
RocketChat/Rocket.Chat,36236,2015-05-19T07:36:09Z,2023-08-22T23:08:39Z,812,TypeScript,15216,12815,24159
apachecn/ailearning,36194,2017-02-25T08:53:02Z,2023-08-22T20:49:40Z,2,Python,107,104,234
nlohmann/json,36177,2013-07-04T08:47:49Z,2023-08-22T22:59:41Z,43,C++,2148,2077,4539
nolimits4web/swiper,36138,2012-03-14T19:11:45Z,2023-08-22T22:08:23Z,52,JavaScript,5093,4902,3503
floodsung/Deep-Learning-Papers-Reading-Roadmap,36110,2016-10-14T11:49:48Z,2023-08-22T22:49:33Z,0,Python,53,4,114
dkhamsing/open-source-ios-apps,36086,2015-01-26T23:32:34Z,2023-08-22T22:48:03Z,37,,260,260,7044
videojs/video.js,36053,2010-05-14T18:45:10Z,2023-08-22T12:37:08Z,291,JavaScript,5090,4651,3989
TanStack/query,35955,2019-09-10T19:23:58Z,2023-08-22T21:33:44Z,640,TypeScript,1394,1361,2117
evanw/esbuild,35862,2016-06-14T16:08:50Z,2023-08-22T17:17:27Z,266,Go,2929,2637,3881
type-challenges/type-challenges,35849,2020-07-23T14:33:11Z,2023-08-22T23:21:03Z,0,TypeScript,29010,2927,888
php/php-src,35841,2011-06-16T01:52:25Z,2023-08-22T22:57:31Z,0,C,1792,1377,133031
chubin/cheat.sh,35832,2017-05-07T21:40:56Z,2023-08-22T22:04:52Z,0,Python,232,125,901
skylot/jadx,35824,2013-03-18T17:08:21Z,2023-08-23T00:15:40Z,28,Java,1502,1169,2053
starship/starship,35760,2019-04-02T03:23:12Z,2023-08-22T19:28:52Z,122,Rust,1917,1468,2899
Kong/kong,35753,2014-11-17T23:56:08Z,2023-08-22T20:38:29Z,132,Lua,4150,3959,9694
jeecgboot/jeecg-boot,35645,2018-11-26T10:40:00Z,2023-08-22T23:31:42Z,29,Java,4493,4471,945
ruanyf/weekly,35642,2018-10-13T12:36:07Z,2023-08-22T23:41:08Z,0,,3243,634,529
jgraph/drawio,35601,2016-09-06T12:59:15Z,2023-08-22T23:12:26Z,758,JavaScript,3138,2763,1892
slatedocs/slate,35399,2013-09-13T22:15:24Z,2023-08-22T21:14:19Z,28,SCSS,605,556,703
microsoft/monaco-editor,35296,2016-06-07T16:56:31Z,2023-08-22T22:39:32Z,0,JavaScript,3306,2960,3281
google/styleguide,35282,2015-05-20T19:18:59Z,2023-08-22T21:29:37Z,0,HTML,320,124,500
0voice/interview_internal_reference,35275,2019-06-10T06:54:19Z,2023-08-22T14:07:29Z,0,Python,45,18,376
tabler/tabler,35134,2018-02-01T09:08:59Z,2023-08-22T17:35:02Z,41,HTML,786,728,2435
photonstorm/phaser,35081,2013-04-12T12:27:51Z,2023-08-22T22:30:17Z,140,JavaScript,4173,4066,18901
google-research/bert,35074,2018-10-25T22:57:34Z,2023-08-22T12:41:49Z,0,Python,1126,350,111
wg/wrk,35026,2012-03-20T11:12:28Z,2023-08-22T21:32:49Z,0,C,389,260,80
dair-ai/Prompt-Engineering-Guide,34998,2022-12-16T16:04:50Z,2023-08-22T23:38:28Z,0,MDX,79,24,940
getsentry/sentry,34930,2010-08-30T22:06:41Z,2023-08-22T21:51:25Z,112,Python,8670,7421,57982
LAION-AI/Open-Assistant,34915,2022-12-13T05:24:17Z,2023-08-22T21:38:08Z,122,Python,1595,1379,3461
preactjs/preact,34899,2015-09-11T02:40:18Z,2023-08-22T21:24:38Z,189,JavaScript,1695,1548,5388
lerna/lerna,34840,2015-12-04T09:36:55Z,2023-08-22T19:43:54Z,220,TypeScript,2498,2177,2653
eugenp/tutorials,34745,2013-04-29T18:26:36Z,2023-08-22T15:18:25Z,0,Java,688,667,28175
ant-design/ant-design-pro,34744,2017-08-25T10:40:44Z,2023-08-22T18:34:32Z,26,TypeScript,9279,8934,2475
alvarotrigo/fullPage.js,34702,2013-09-20T11:58:29Z,2023-08-22T16:43:59Z,88,JavaScript,4022,3857,2155
labmlai/annotated_deep_learning_paper_implementations,34689,2020-08-25T02:29:34Z,2023-08-22T20:00:48Z,0,Jupyter Notebook,101,78,726
pingcap/tidb,34680,2015-09-06T04:01:52Z,2023-08-22T21:28:02Z,175,Go,15704,12362,21345
dylanaraps/pure-bash-bible,34645,2018-06-13T01:39:33Z,2023-08-22T18:42:47Z,0,Shell,75,33,263
nodejs/node-v0.x-archive,34542,2009-05-27T16:29:46Z,2023-08-22T22:36:19Z,0,,6380,6380,2
open-guides/og-aws,34411,2016-07-13T17:30:16Z,2023-08-22T22:21:01Z,0,Shell,224,86,1042
LeCoupa/awesome-cheatsheets,34387,2017-11-09T02:47:15Z,2023-08-22T21:30:40Z,0,JavaScript,70,45,741
AobingJava/JavaFamily,34298,2019-11-12T04:26:18Z,2023-08-21T16:50:47Z,0,,60,60,223
koajs/koa,34296,2013-07-20T18:53:45Z,2023-08-22T23:50:08Z,0,JavaScript,890,853,1184
vlang/v,34291,2019-02-08T02:57:06Z,2023-08-22T15:05:18Z,165,V,7639,6825,15903
sahat/hackathon-starter,34285,2013-11-13T17:24:12Z,2023-08-22T18:24:57Z,15,JavaScript,631,627,2634
pmndrs/zustand,34279,2019-04-09T09:10:06Z,2023-08-22T20:53:39Z,72,TypeScript,600,597,934
iina/iina,34252,2016-12-19T07:18:45Z,2023-08-22T23:24:58Z,42,Swift,3538,1985,3294
Z4nzu/hackingtool,34217,2020-04-11T09:21:31Z,2023-08-23T00:23:07Z,0,Python,292,279,323
airbnb/lottie-android,34179,2016-10-06T22:42:42Z,2023-08-22T21:07:44Z,46,Java,1616,1583,1527
nativefier/nativefier,34111,2015-07-05T05:56:42Z,2023-08-22T22:04:15Z,98,TypeScript,1230,977,1283
chakra-ui/chakra-ui,34088,2019-08-17T14:27:54Z,2023-08-22T23:22:29Z,1000,TypeScript,3365,3213,8976
exacity/deeplearningbook-chinese,34087,2016-12-07T11:46:51Z,2023-08-22T13:13:23Z,7,TeX,200,138,730
GokuMohandas/Made-With-ML,33947,2018-11-05T03:44:27Z,2023-08-23T00:09:31Z,0,Jupyter Notebook,53,53,9
shadowsocks/shadowsocks-android,33924,2012-12-16T13:40:29Z,2023-08-22T23:23:03Z,184,Kotlin,2465,2430,3682
microsoft/TaskMatrix,33920,2023-03-02T09:04:28Z,2023-08-22T23:55:13Z,0,Python,334,131,117
bumptech/glide,33848,2013-07-08T22:52:33Z,2023-08-22T23:25:12Z,45,Java,4306,3865,2916
metabase/metabase,33784,2015-02-02T19:25:47Z,2023-08-22T17:19:39Z,388,Clojure,14622,11707,28020
THUDM/ChatGLM-6B,33541,2023-03-13T12:00:18Z,2023-08-22T23:58:24Z,0,Python,1209,734,362
istio/istio,33538,2016-11-18T23:57:21Z,2023-08-22T14:42:00Z,305,Go,18059,17508,21124
BVLC/caffe,33528,2013-09-12T18:39:48Z,2023-08-22T21:59:23Z,14,C++,4788,3893,4156
NervJS/taro,33435,2018-04-08T09:32:26Z,2023-08-22T15:23:50Z,153,TypeScript,10046,9051,10262
shadowsocks/shadowsocks,33430,2012-04-20T13:10:49Z,2023-08-22T03:38:26Z,2,Python,0,0,1
dbeaver/dbeaver,33422,2015-10-21T08:26:28Z,2023-08-23T00:27:40Z,182,Java,15053,13299,24607
prisma/prisma,33414,2019-06-20T13:33:47Z,2023-08-23T00:26:01Z,164,TypeScript,8972,6231,9674
SheetJS/sheetjs,33411,2012-12-03T19:25:52Z,2023-08-22T19:10:29Z,0,JavaScript,2383,2267,769
zenorocha/clipboard.js,33408,2015-09-18T23:04:55Z,2023-08-22T20:20:28Z,42,JavaScript,616,609,396
adobe/brackets,33400,2011-12-07T21:14:40Z,2023-08-23T00:27:08Z,69,JavaScript,9686,7067,17847
google/leveldb,33365,2014-08-27T21:17:52Z,2023-08-22T20:34:32Z,21,C++,722,522,434
AFNetworking/AFNetworking,33358,2011-05-31T21:28:44Z,2023-08-23T00:28:05Z,40,Objective-C,0,0,2944
unknwon/the-way-to-go_ZH_CN,33345,2013-03-24T17:18:38Z,2023-08-22T22:15:32Z,0,Go,0,0,1425
go-gorm/gorm,33344,2013-10-25T08:31:38Z,2023-08-23T00:21:58Z,2,Go,5261,5035,2626
psf/black,33318,2018-03-14T19:54:45Z,2023-08-23T00:26:48Z,28,Python,2348,2008,1626
jondot/awesome-react-native,33230,2015-03-26T19:58:06Z,2023-08-22T20:21:51Z,0,JavaScript,68,35,2193
gto76/python-cheatsheet,33186,2018-01-25T04:16:53Z,2023-08-22T22:09:51Z,0,Python,62,55,2404
alibaba/arthas,33166,2018-08-29T17:15:57Z,2023-08-23T00:16:09Z,50,Java,1822,1585,1907
QSCTech/zju-icicles,33164,2016-06-28T16:17:32Z,2023-08-22T13:32:04Z,0,HTML,63,56,1437
carbon-app/carbon,33063,2017-06-16T02:50:28Z,2023-08-22T22:02:05Z,215,JavaScript,644,597,1854
cli/cli,33057,2019-10-03T15:24:53Z,2023-08-23T00:03:06Z,110,Go,3660,3230,6830
spf13/cobra,33041,2013-09-03T20:40:26Z,2023-08-22T21:22:11Z,20,Go,1060,904,1003
pyenv/pyenv,33030,2012-08-31T06:57:52Z,2023-08-22T19:44:17Z,80,Roff,1626,1599,3143
formulahendry/955.WLB,33019,2019-03-27T23:53:37Z,2023-08-22T16:25:42Z,0,,246,74,59
satwikkansal/wtfpython,33019,2017-08-28T20:22:19Z,2023-08-22T23:26:39Z,2,Python,180,121,499
freefq/free,33015,2020-06-07T02:48:33Z,2023-08-22T20:55:29Z,0,,537,163,7108
withastro/astro,32916,2021-03-15T17:19:47Z,2023-08-23T00:10:56Z,1000,TypeScript,3087,2988,6110
koalaman/shellcheck,32850,2012-11-17T03:15:11Z,2023-08-22T21:03:09Z,28,Haskell,2455,1535,1912
acmesh-official/acme.sh,32820,2015-12-26T12:56:33Z,2023-08-22T21:58:03Z,40,Shell,2772,1905,5253
n8n-io/n8n,32799,2019-06-22T09:24:21Z,2023-08-22T23:22:21Z,71,TypeScript,1186,1090,9164
appwrite/appwrite,32795,2019-04-08T16:36:25Z,2023-08-22T20:24:33Z,64,TypeScript,2683,2056,15214
gulpjs/gulp,32790,2013-07-04T05:26:06Z,2023-08-22T20:35:32Z,22,JavaScript,1884,1860,1198
jaredpalmer/formik,32746,2017-06-14T19:50:59Z,2023-08-22T21:17:12Z,190,TypeScript,2191,1525,1776
immutable-js/immutable-js,32683,2014-07-02T06:02:29Z,2023-08-22T13:19:53Z,70,TypeScript,1225,1124,1727
xitu/gold-miner,32682,2015-11-04T03:29:13Z,2023-08-22T08:23:40Z,0,,5570,5570,11438
PaddlePaddle/PaddleOCR,32660,2020-05-08T10:38:16Z,2023-08-22T22:18:40Z,6,Python,7780,7179,6080
geekxh/hello-algorithm,32650,2020-05-29T05:47:09Z,2023-08-22T09:18:21Z,0,Java,39,32,409
openai/gym,32590,2016-04-27T14:59:16Z,2023-08-22T21:17:20Z,19,Python,1779,1714,1757
PKUFlyingPig/cs-self-learning,32533,2021-10-20T13:43:42Z,2023-08-22T17:34:49Z,3,HTML,135,68,453
dotnet/aspnetcore,32426,2014-03-11T06:09:42Z,2023-08-22T21:30:50Z,192,C#,30280,27502,52083
Blankj/AndroidUtilCode,32398,2016-07-30T18:18:32Z,2023-08-22T21:40:40Z,117,Java,1543,1274,1430
XingangPan/DragGAN,32302,2023-05-18T10:08:02Z,2023-08-22T23:27:06Z,0,Python,154,41,64
vim/vim,32231,2015-08-18T21:03:56Z,2023-08-22T23:45:12Z,0,Vim Script,7391,6066,18165
google/material-design-lite,32202,2015-01-14T22:01:33Z,2023-08-23T00:08:04Z,14,HTML,2177,1810,2872
XX-net/XX-Net,32146,2015-01-15T09:35:51Z,2023-08-22T20:12:47Z,378,Python,13233,5355,2541
date-fns/date-fns,32133,2014-10-06T10:24:22Z,2023-08-22T16:32:11Z,106,TypeScript,1657,1203,1932
freeCodeCamp/devdocs,32128,2013-10-24T18:16:07Z,2023-08-23T00:21:14Z,0,Ruby,1096,966,5150
Light-City/CPlusPlusThings,32120,2019-07-14T08:45:45Z,2023-08-22T22:59:39Z,0,C++,205,202,310
mitmproxy/mitmproxy,32046,2010-02-16T04:10:13Z,2023-08-23T00:21:37Z,49,Python,3110,2834,10379
typeorm/typeorm,31939,2016-02-29T07:41:14Z,2023-08-22T19:20:40Z,29,TypeScript,7633,5591,5280
junegunn/vim-plug,31820,2013-09-10T14:58:51Z,2023-08-22T22:42:23Z,5,Vim Script,986,873,693
DovAmir/awesome-design-patterns,31754,2018-06-04T17:47:48Z,2023-08-23T00:15:01Z,0,,11,4,104
hpcaitech/ColossalAI,31724,2021-10-28T16:19:44Z,2023-08-22T23:30:28Z,31,Python,1279,1029,2673
shadowsocks/ShadowsocksX-NG,31685,2016-06-10T11:49:00Z,2023-08-22T16:44:37Z,29,Swift,1333,1038,596
netty/netty,31674,2010-11-09T09:22:21Z,2023-08-22T10:23:26Z,0,Java,6197,5658,11234
bilibili/ijkplayer,31588,2013-06-03T04:12:04Z,2023-08-22T14:37:08Z,0,C,5290,2525,2627
denysdovhan/wtfjs,31587,2017-07-14T15:42:12Z,2023-08-22T23:11:09Z,25,JavaScript,106,96,441
bannedbook/fanqiang,31489,2015-01-14T00:34:25Z,2023-08-23T00:08:58Z,2,Kotlin,707,423,1223
apache/airflow,31401,2015-04-13T18:04:58Z,2023-08-22T20:56:39Z,69,Python,7796,7114,20997
zxing/zxing,31395,2011-10-12T14:07:27Z,2023-08-22T19:19:56Z,30,Java,1214,1211,3737
sudheerj/reactjs-interview-questions,31336,2018-05-31T17:17:01Z,2023-08-22T23:58:54Z,0,JavaScript,87,81,439
naptha/tesseract.js,31300,2015-06-24T02:49:52Z,2023-08-22T23:30:50Z,44,JavaScript,602,589,735
Trinea/android-open-project,31278,2014-01-05T15:20:15Z,2023-08-21T11:27:35Z,0,,83,70,958
sickcodes/Docker-OSX,31276,2020-06-04T11:01:37Z,2023-08-22T19:28:43Z,0,Shell,523,242,461
sorrycc/awesome-javascript,31198,2014-07-01T15:59:02Z,2023-08-22T20:10:32Z,0,,85,83,801
testerSunshine/12306,31188,2017-05-17T12:23:40Z,2023-08-22T19:03:17Z,1,Python,682,466,435
aria2/aria2,31144,2010-11-27T09:41:48Z,2023-08-22T20:33:26Z,23,C++,1747,779,5321
fxsjy/jieba,31109,2012-09-29T07:52:01Z,2023-08-22T17:13:19Z,9,Python,830,218,523
TencentARC/GFPGAN,31103,2021-03-19T06:18:20Z,2023-08-22T23:03:35Z,8,Python,354,111,106
mingrammer/diagrams,31021,2020-02-02T15:23:24Z,2023-08-22T21:25:59Z,39,Python,454,180,520
blueimp/jQuery-File-Upload,31011,2010-12-01T15:35:32Z,2023-08-21T16:17:31Z,0,PHP,3308,3259,1265
curl/curl,30995,2010-03-18T22:32:22Z,2023-08-22T20:38:18Z,72,C,4044,4026,30822
carbon-language/carbon-lang,30986,2020-04-27T21:45:16Z,2023-08-22T23:42:34Z,0,C++,540,404,1904
rapid7/metasploit-framework,30981,2011-08-30T06:13:20Z,2023-08-22T21:39:35Z,0,Ruby,5649,5265,71384
atlassian/react-beautiful-dnd,30696,2017-08-09T03:37:15Z,2023-08-22T21:48:36Z,68,JavaScript,1551,1036,804
babysor/MockingBird,30614,2021-08-07T03:53:39Z,2023-08-22T23:09:53Z,1,Python,837,398,188
google/googletest,30603,2015-07-28T15:07:53Z,2023-08-22T17:38:19Z,7,C++,2138,1889,4309
google-research/google-research,30568,2018-10-04T18:42:48Z,2023-08-22T21:54:49Z,0,Jupyter Notebook,1050,287,4175
bayandin/awesome-awesomeness,30495,2014-07-08T05:44:19Z,2023-08-22T23:42:47Z,0,Ruby,63,51,576
yuzu-emu/yuzu,30378,2018-01-03T18:13:57Z,2023-08-23T00:17:58Z,0,C++,4372,3041,25073
ClickHouse/ClickHouse,30350,2016-06-02T08:28:18Z,2023-08-22T23:52:38Z,480,C++,16847,13785,123099
halfrost/LeetCode-Go,30342,2017-07-18T00:06:14Z,2023-08-22T16:44:28Z,4,Go,74,60,1640
markedjs/marked,30314,2011-07-24T13:15:51Z,2023-08-22T22:27:21Z,105,TypeScript,1369,1346,3100
odoo/odoo,30304,2014-05-13T15:38:58Z,2023-08-23T00:08:25Z,0,JavaScript,16526,14384,160517
xkcoding/spring-boot-demo,30280,2017-11-10T06:27:29Z,2023-08-22T23:31:42Z,0,Java,157,71,734
docker/compose,30271,2013-12-09T11:40:58Z,2023-08-22T20:24:01Z,203,Go,7006,6835,4347
bradtraversy/50projects50days,30236,2020-11-16T14:39:01Z,2023-08-22T20:54:49Z,0,CSS,0,0,148
Kong/insomnia,30170,2016-04-23T03:54:26Z,2023-08-22T23:49:40Z,368,JavaScript,3101,2570,4220
certbot/certbot,30155,2014-11-12T02:52:20Z,2023-08-22T09:51:57Z,43,Python,5183,4979,10804
beego/beego,30096,2012-02-29T02:32:08Z,2023-08-22T21:29:24Z,23,Go,3273,3264,4719
hasura/graphql-engine,30078,2018-06-18T07:57:36Z,2023-08-22T20:09:05Z,223,TypeScript,5701,3692,7667
tmux/tmux,30068,2015-06-03T23:32:55Z,2023-08-23T00:19:54Z,34,C,3100,3078,10090
typicode/husky,30043,2014-06-23T12:14:21Z,2023-08-22T22:36:03Z,60,JavaScript,912,883,880
hankcs/HanLP,30030,2014-10-09T06:36:16Z,2023-08-23T00:27:12Z,57,Python,1374,1366,1740
huihut/interview,30011,2018-02-09T09:49:48Z,2023-08-22T22:45:54Z,0,C++,56,40,372
laravel/framework,30010,2013-01-10T21:27:28Z,2023-08-22T23:05:59Z,648,PHP,17253,17249,36070
jesseduffield/lazydocker,29999,2019-05-18T08:53:50Z,2023-08-23T00:16:20Z,37,Go,262,165,768
lyswhut/lx-music-desktop,29988,2019-08-14T14:31:08Z,2023-08-22T23:51:33Z,101,TypeScript,1374,997,2003
coreybutler/nvm-windows,29961,2014-09-20T16:37:28Z,2023-08-22T22:20:49Z,19,Go,768,696,442
mqyqingfeng/Blog,29844,2017-03-13T10:04:33Z,2023-08-22T14:52:58Z,0,,311,98,325
joshbuchea/HEAD,29745,2016-04-20T20:05:37Z,2023-08-22T21:50:40Z,0,,91,73,367
jgm/pandoc,29717,2010-03-20T20:34:23Z,2023-08-22T22:15:18Z,123,Haskell,6975,6050,16810
vuejs/vue-cli,29711,2015-12-26T23:11:20Z,2023-08-22T23:34:26Z,177,JavaScript,5459,4542,3531
WerWolv/ImHex,29616,2020-11-10T14:27:00Z,2023-08-22T22:15:13Z,58,C++,810,660,2982
foundation/foundation-sites,29525,2011-10-13T23:05:42Z,2023-08-22T20:53:33Z,78,HTML,8191,8139,17268
alibaba/p3c,29511,2017-06-23T06:15:51Z,2023-08-22T12:05:15Z,0,Kotlin,838,695,290
lib-pku/libpku,29398,2018-11-22T13:33:06Z,2023-08-22T13:34:02Z,0,TeX,41,31,132
alist-org/alist,29353,2020-12-23T17:40:29Z,2023-08-22T20:04:55Z,101,Go,2453,2396,1644
ReactiveX/rxjs,29328,2015-03-15T06:17:10Z,2023-08-22T23:52:45Z,0,TypeScript,3106,2899,5373
ariya/phantomjs,29314,2010-12-27T08:18:58Z,2023-08-22T20:31:56Z,0,C++,4745,4731,1958
ityouknow/spring-boot-examples,29305,2016-11-05T05:32:33Z,2023-08-22T15:33:43Z,0,Java,104,99,213
amix/vimrc,29254,2012-05-29T16:19:29Z,2023-08-22T13:28:48Z,0,Vim Script,500,499,481
mathiasbynens/dotfiles,29242,2011-09-05T18:07:54Z,2023-08-22T23:50:32Z,0,Shell,386,247,761
CSSEGISandData/COVID-19,29240,2020-02-04T22:03:53Z,2023-08-22T21:45:13Z,0,,3759,2079,7691
react-boilerplate/react-boilerplate,29231,2015-02-18T14:36:32Z,2023-08-22T21:20:57Z,16,JavaScript,1898,1822,1457
PKUanonym/REKCARC-TSC-UHT,29224,2019-04-05T03:31:23Z,2023-08-22T14:15:56Z,0,HTML,27,26,193
lukehoban/es6features,29155,2014-03-03T18:29:30Z,2023-08-22T12:37:19Z,0,,57,36,109
goabstract/Awesome-Design-Tools,29143,2019-02-12T13:55:30Z,2023-08-23T00:23:46Z,0,JavaScript,32,25,1649
ziadoz/awesome-php,29070,2013-11-26T03:14:19Z,2023-08-22T21:36:59Z,0,,125,123,1567
Stability-AI/stablediffusion,29019,2022-11-23T23:59:50Z,2023-08-22T23:49:30Z,0,Python,239,61,87
ccxt/ccxt,28936,2017-05-14T15:41:56Z,2023-08-22T23:12:05Z,1,Python,8956,8191,76165
httpie/cli,28909,2012-02-25T12:39:13Z,2023-08-22T18:27:51Z,45,Python,824,682,1773
Binaryify/NeteaseCloudMusicApi,28877,2016-06-22T11:58:03Z,2023-08-22T14:22:29Z,177,JavaScript,1290,1166,1351
elsewhencode/project-guidelines,28857,2017-06-30T10:17:55Z,2023-08-22T22:36:58Z,0,JavaScript,38,28,169
airbnb/lottie-web,28817,2015-02-20T21:02:59Z,2023-08-22T21:09:26Z,0,JavaScript,2777,2103,2415
alibaba/easyexcel,28781,2018-02-06T03:14:08Z,2023-08-22T09:16:49Z,8,Java,2992,2741,1091
appsmithorg/appsmith,28763,2020-06-30T04:07:36Z,2023-08-22T23:31:42Z,180,TypeScript,15501,12032,14239
solidjs/solid,28752,2018-04-24T16:36:27Z,2023-08-22T20:42:26Z,33,TypeScript,804,764,1656
niklasvh/html2canvas,28695,2011-07-16T01:05:58Z,2023-08-22T12:10:52Z,45,TypeScript,2515,1647,1066
IanLunn/Hover,28687,2014-01-02T14:27:35Z,2023-08-23T00:22:01Z,10,SCSS,106,83,132
shadcn-ui/ui,28665,2023-01-04T12:43:27Z,2023-08-23T00:28:01Z,10,TypeScript,700,265,232
square/leakcanary,28648,2015-04-29T23:54:16Z,2023-08-22T22:43:50Z,33,Kotlin,1537,1464,2070
zhongyang219/TrafficMonitor,28639,2017-07-30T02:51:17Z,2023-08-22T18:29:53Z,24,C++,1494,607,970
symfony/symfony,28611,2010-01-04T14:21:21Z,2023-08-22T19:58:08Z,444,PHP,18829,18299,66105
The-Run-Philosophy-Organization/run,28552,2022-04-10T05:42:40Z,2023-08-22T18:12:49Z,0,,239,207,1273
sharkdp/fd,28547,2017-05-09T21:27:10Z,2023-08-22T23:04:05Z,35,Rust,760,676,1297
files-community/Files,28542,2019-01-04T18:19:14Z,2023-08-22T20:24:28Z,96,C#,8259,7835,4954
0xAX/linux-insides,28541,2015-01-03T18:44:57Z,2023-08-22T16:08:19Z,0,Python,176,150,1911
aosabook/500lines,28519,2013-11-04T02:02:53Z,2023-08-22T15:09:28Z,0,JavaScript,69,39,3297
fengdu78/Coursera-ML-AndrewNg-Notes,28473,2017-11-04T10:04:08Z,2023-08-22T13:23:38Z,0,HTML,64,15,117
halo-dev/halo,28440,2018-03-21T12:56:52Z,2023-08-22T13:04:51Z,131,Java,2705,2406,4424
standard/standard,28425,2015-01-27T01:23:31Z,2023-08-22T22:38:19Z,5,JavaScript,1209,1112,1955
photoprism/photoprism,28333,2018-01-27T12:00:15Z,2023-08-22T20:34:45Z,61,Go,1861,1490,7981
fastify/fastify,28314,2016-09-28T19:10:14Z,2023-08-23T00:01:05Z,263,JavaScript,1777,1712,3771
shengxinjing/programmer-job-blacklist,28313,2016-06-25T06:09:10Z,2023-08-22T23:32:02Z,0,Shell,332,182,147
tastejs/todomvc,28296,2011-06-03T19:56:33Z,2023-08-22T22:54:08Z,5,JavaScript,765,630,2905
apolloconfig/apollo,28288,2016-03-04T10:24:23Z,2023-08-22T13:00:59Z,38,Java,3083,2941,2844
yewstack/yew,28285,2017-12-16T14:19:02Z,2023-08-22T20:49:37Z,33,MDX,1166,1076,2513
byoungd/English-level-up-tips,28284,2017-05-30T07:18:52Z,2023-08-23T00:13:28Z,0,,81,58,249
swc-project/swc,28280,2017-12-22T11:40:14Z,2023-08-22T17:15:36Z,262,Rust,2851,2551,7497
hashicorp/vault,28263,2015-02-25T00:15:59Z,2023-08-22T22:39:10Z,101,Go,5626,4741,17948
alebcay/awesome-shell,28258,2014-07-07T01:57:42Z,2023-08-22T22:20:37Z,0,,51,20,657
sequelize/sequelize,28241,2010-07-22T07:11:11Z,2023-08-22T21:15:07Z,454,JavaScript,10126,9351,10214
pcottle/learnGitBranching,28228,2012-08-13T22:36:09Z,2023-08-22T23:35:15Z,0,JavaScript,453,430,2800
geekcomputers/Python,28196,2011-11-30T09:04:08Z,2023-08-22T16:23:36Z,0,Python,337,116,3327
webtorrent/webtorrent,28173,2013-10-15T08:16:40Z,2023-08-22T19:12:20Z,152,JavaScript,1593,1521,3460
codepath/android_guides,28170,2013-06-19T10:24:45Z,2023-08-22T22:20:06Z,0,,379,219,64
trpc/trpc,28166,2020-07-18T01:17:11Z,2023-08-22T23:52:24Z,177,TypeScript,840,767,3277
vuejs/vuex,28129,2015-07-16T04:21:26Z,2023-08-22T23:34:25Z,51,JavaScript,1256,1166,1210
kenwheeler/slick,28060,2014-03-24T02:10:05Z,2023-08-22T23:06:42Z,48,JavaScript,3576,2387,925
jashkenas/backbone,28037,2010-09-30T19:41:28Z,2023-08-23T00:28:27Z,0,JavaScript,2403,2366,3506
kodecocodes/swift-algorithm-club,27980,2016-01-26T17:56:12Z,2023-08-22T23:09:22Z,0,Swift,212,182,2534
gofiber/fiber,27930,2020-01-16T03:59:20Z,2023-08-22T23:42:30Z,109,Go,1179,1124,3591
layui/layui,27924,2015-09-22T08:12:03Z,2023-08-22T22:37:23Z,95,JavaScript,605,604,1652
caolan/async,27923,2010-06-01T21:01:30Z,2023-08-22T22:05:06Z,7,JavaScript,1114,1107,1884
sqlmapproject/sqlmap,27856,2012-06-26T09:52:15Z,2023-08-23T00:03:19Z,8,Python,5010,4958,10093
microsoft/DeepSpeed,27830,2020-01-23T18:35:18Z,2023-08-22T20:12:03Z,53,Python,1950,1257,1745
composer/composer,27784,2011-06-08T08:53:00Z,2023-08-22T18:04:41Z,181,PHP,7426,7292,12184
CMU-Perceptual-Computing-Lab/openpose,27773,2017-04-24T14:06:31Z,2023-08-22T22:49:00Z,15,C++,1901,1648,709
postcss/postcss,27742,2013-09-24T23:06:48Z,2023-08-22T21:11:30Z,240,TypeScript,936,918,3951
herrbischoff/awesome-macos-command-line,27736,2015-09-22T19:37:55Z,2023-08-22T17:17:03Z,0,,0,0,1
donnemartin/interactive-coding-challenges,27718,2015-04-28T21:36:39Z,2023-08-22T22:16:21Z,0,Python,65,31,790
ianstormtaylor/slate,27717,2016-06-18T01:52:42Z,2023-08-22T15:33:59Z,145,TypeScript,3042,2454,4085
slidevjs/slidev,27711,2021-04-24T01:25:23Z,2023-08-23T00:09:48Z,242,TypeScript,672,633,1426
vercel/swr,27668,2019-10-28T18:16:01Z,2023-08-22T19:40:18Z,106,TypeScript,808,754,829
cockroachdb/cockroach,27642,2014-02-06T00:18:47Z,2023-08-22T20:30:42Z,0,Go,54896,49247,84497
yichengchen/clashX,27591,2018-06-13T02:51:24Z,2023-08-22T23:40:40Z,37,Swift,0,0,857
microsoft/calculator,27561,2019-01-28T17:55:49Z,2023-08-22T18:02:18Z,0,C++,955,673,804
ibraheemdev/modern-unix,27551,2021-01-12T00:50:14Z,2023-08-23T00:21:36Z,0,,68,11,76
trailofbits/algo,27540,2016-05-15T03:42:48Z,2023-08-22T22:53:43Z,2,Jinja,1555,1407,1131
VincentGarreau/particles.js,27514,2014-09-06T14:29:47Z,2023-08-22T20:29:43Z,6,JavaScript,400,104,235
TheAlgorithms/JavaScript,27496,2017-07-13T06:12:33Z,2023-08-22T18:34:37Z,0,JavaScript,178,172,1738
SeleniumHQ/selenium,27438,2013-01-14T21:40:56Z,2023-08-22T23:48:34Z,84,Java,9292,9113,30198
SortableJS/Sortable,27348,2013-12-19T10:10:13Z,2023-08-22T21:09:17Z,24,JavaScript,1716,1302,1083
alibaba/nacos,27285,2018-06-15T06:49:27Z,2023-08-22T17:29:20Z,58,Java,7431,7194,4688
facebookresearch/fairseq,27230,2017-08-29T16:26:12Z,2023-08-22T20:59:04Z,16,Python,3986,3009,2313
transloadit/uppy,27207,2015-11-16T12:32:33Z,2023-08-22T14:38:54Z,62,JavaScript,2082,1950,9351
ray-project/ray,27207,2016-10-25T19:38:30Z,2023-08-22T22:25:03Z,71,Python,15057,12133,18785
harness/drone,27187,2014-02-07T07:54:44Z,2023-08-22T22:13:44Z,29,Go,1810,1739,4083
yunjey/pytorch-tutorial,27179,2017-03-10T07:41:47Z,2023-08-22T20:50:31Z,0,Python,177,113,173
dani-garcia/vaultwarden,27158,2018-02-17T22:40:20Z,2023-08-23T00:16:26Z,50,Rust,1672,1663,2531
acheong08/ChatGPT,27150,2022-12-03T14:35:24Z,2023-08-22T22:29:08Z,277,Python,812,801,1653
ZuzooVn/machine-learning-for-software-engineers,27142,2016-10-09T21:20:25Z,2023-08-22T19:49:23Z,0,,24,9,298
alibaba/druid,27138,2011-11-03T05:12:51Z,2023-08-22T15:34:40Z,48,Java,4017,1453,6867
zsh-users/zsh-autosuggestions,27129,2013-10-26T16:09:37Z,2023-08-22T23:29:39Z,0,Shell,554,438,532
Homebrew/legacy-homebrew,27094,2009-05-20T19:38:37Z,2023-08-22T03:55:25Z,0,,17034,17034,63882
kubernetes/minikube,27087,2016-04-15T22:38:35Z,2023-08-22T22:01:18Z,143,Go,8742,7967,22360
geekan/HowToLiveLonger,27068,2022-04-16T04:15:18Z,2023-08-23T00:23:45Z,0,,123,101,75
parallax/jsPDF,27060,2009-12-06T14:56:32Z,2023-08-22T23:14:35Z,32,JavaScript,2388,2256,2267
jashkenas/underscore,27038,2009-10-25T18:31:06Z,2023-08-22T23:33:10Z,0,JavaScript,1416,1385,2830
ryanhanwu/How-To-Ask-Questions-The-Smart-Way,27004,2015-03-28T16:52:40Z,2023-08-22T16:21:17Z,0,JavaScript,28,21,344
crossoverJie/JCSprout,26998,2017-12-17T09:06:50Z,2023-08-21T15:02:13Z,0,Java,89,59,709
Advanced-Frontend/Daily-Interview-Question,26973,2019-01-19T10:49:00Z,2023-08-22T14:37:21Z,0,JavaScript,556,298,252
OAI/OpenAPI-Specification,26965,2014-03-03T16:53:36Z,2023-08-22T23:11:58Z,10,JavaScript,2047,1488,1964
GoogleChrome/lighthouse,26943,2016-03-08T01:03:11Z,2023-08-22T17:25:00Z,101,JavaScript,8768,8196,5832
danielgindi/Charts,26937,2015-03-20T10:49:12Z,2023-08-22T23:17:58Z,37,Swift,4174,3357,1820
explosion/spaCy,26912,2014-07-03T15:15:40Z,2023-08-22T23:54:22Z,118,Python,5463,5387,15983
dromara/hutool,26905,2014-04-13T07:23:51Z,2023-08-22T23:31:42Z,134,Java,2419,2416,4759
Tencent/weui,26905,2014-12-18T04:09:54Z,2023-08-21T07:25:30Z,42,HTML,660,614,701
ehang-io/nps,26889,2018-11-04T13:22:51Z,2023-08-22T17:34:42Z,59,Go,1121,685,700
lapce/lapce,26818,2018-02-06T08:41:06Z,2023-08-22T23:28:18Z,26,Rust,1453,830,2910
hashicorp/consul,26810,2013-11-04T22:15:27Z,2023-08-22T22:20:11Z,146,Go,5231,4142,20384
jobbole/awesome-python-cn,26796,2015-11-03T09:50:50Z,2023-08-22T17:57:14Z,0,Makefile,28,18,213
coolsnowwolf/lede,26776,2017-09-06T07:39:03Z,2023-08-22T23:12:36Z,6,C,7896,7294,6146
cheeriojs/cheerio,26758,2011-10-09T04:23:20Z,2023-08-22T20:49:59Z,57,TypeScript,1130,1111,2687
fzaninotto/Faker,26746,2011-10-14T22:49:02Z,2023-08-22T12:37:50Z,12,PHP,570,494,2632
Kr328/ClashForAndroid,26687,2019-11-15T00:13:59Z,2023-08-23T00:28:32Z,90,Kotlin,1059,897,216
mobxjs/mobx,26674,2015-03-14T14:31:38Z,2023-08-22T17:08:23Z,91,TypeScript,1890,1862,3226
streamlit/streamlit,26655,2019-08-24T00:14:52Z,2023-08-23T00:00:07Z,62,Python,3519,2865,5692
viraptor/reverse-interview,25914,2019-09-08T13:38:40Z,2023-08-22T22:44:23Z,0,,25,17,223
facebookresearch/Detectron,25903,2017-10-05T17:32:00Z,2023-08-22T16:25:49Z,0,Python,925,619,145
ajaxorg/ace,25889,2010-10-27T10:43:36Z,2023-08-22T23:06:59Z,50,JavaScript,2962,2862,8531
AllThingsSmitty/css-protips,25856,2015-08-29T12:29:03Z,2023-08-22T23:43:52Z,0,,55,50,367
facebook/folly,25819,2012-06-01T20:49:04Z,2023-08-22T18:31:43Z,149,C++,1053,714,11894
CamDavidsonPilon/Probabilistic-Programming-and-Bayesian-Methods-for-Hackers,25789,2013-01-14T15:46:28Z,2023-08-22T06:36:12Z,0,Jupyter Notebook,242,89,1119
immerjs/immer,25788,2017-12-29T12:25:47Z,2023-08-22T19:21:56Z,105,JavaScript,620,587,1374
JakeChampion/fetch,25777,2014-10-13T00:26:19Z,2023-08-22T21:24:44Z,38,JavaScript,643,639,675
GitbookIO/gitbook,25771,2014-03-31T03:01:56Z,2023-08-22T04:42:59Z,0,JavaScript,0,0,2379
SerenityOS/serenity,25767,2018-12-02T19:28:41Z,2023-08-22T21:06:50Z,0,C++,3559,2944,53744
tatsu-lab/stanford_alpaca,26423,2023-03-10T23:33:09Z,2023-08-22T23:03:14Z,0,Python,251,92,38
floating-ui/floating-ui,26368,2016-03-29T17:00:47Z,2023-08-22T21:03:02Z,350,TypeScript,1171,1150,1895
labstack/echo,26365,2015-03-01T17:43:01Z,2023-08-22T22:27:53Z,100,Go,1358,1305,1701
geekcompany/ResumeSample,26359,2014-09-08T08:08:13Z,2023-08-22T23:31:42Z,0,,0,0,26
Chanzhaoyu/chatgpt-web,26344,2023-02-09T03:21:37Z,2023-08-22T19:46:21Z,42,Vue,1560,1501,376
FuelLabs/sway,26335,2021-01-19T20:54:33Z,2023-08-22T23:23:30Z,114,Rust,2265,1737,2351
portainer/portainer,26319,2016-05-19T20:15:28Z,2023-08-22T23:14:37Z,106,Go,5091,4778,4129
lukasz-madon/awesome-remote-job,26295,2015-01-02T00:31:34Z,2023-08-22T21:25:11Z,0,,47,41,1070
nvie/gitflow,26262,2010-01-20T23:14:12Z,2023-08-22T20:43:55Z,0,Shell,359,126,401
angular/angular-cli,26253,2015-06-04T19:49:37Z,2023-08-22T22:33:15Z,625,TypeScript,14447,14199,10699
alibaba/spring-cloud-alibaba,26248,2017-12-01T20:49:15Z,2023-08-22T17:37:15Z,35,Java,2155,1761,2465
lenve/vhr,26238,2018-01-04T08:57:51Z,2023-08-22T11:17:51Z,0,Java,250,95,160
pmndrs/react-spring,26236,2018-03-07T15:39:32Z,2023-08-22T17:57:42Z,48,TypeScript,1179,1100,3482
rethinkdb/rethinkdb,26223,2012-10-30T05:37:47Z,2023-08-22T14:36:51Z,71,C++,6370,5032,33521
python-poetry/poetry,26202,2018-02-28T15:23:47Z,2023-08-23T00:21:32Z,127,Python,5173,4624,2934
encode/django-rest-framework,26177,2011-03-02T17:13:56Z,2023-08-22T22:07:46Z,17,Python,3834,3766,8712
balena-io/etcher,26138,2015-10-27T16:53:23Z,2023-08-23T00:17:28Z,260,TypeScript,2070,1735,3346
mattermost/mattermost,26127,2015-06-15T06:50:02Z,2023-08-22T23:13:57Z,368,TypeScript,7512,6891,17197
codemirror/codemirror5,26122,2011-01-14T13:44:03Z,2023-08-22T12:26:52Z,169,JavaScript,4156,3760,7151
Ebazhanov/linkedin-skill-assessments-quizzes,26083,2019-07-13T19:52:56Z,2023-08-22T22:30:05Z,1,Python,778,697,6285
digitalocean/nginxconfig.io,26079,2018-01-05T14:21:14Z,2023-08-22T23:20:45Z,0,JavaScript,220,175,301
veggiemonk/awesome-docker,26074,2014-09-21T17:01:48Z,2023-08-22T08:52:33Z,1,,117,117,2916
lovell/sharp,26050,2013-08-19T20:24:24Z,2023-08-23T00:20:06Z,61,JavaScript,3384,3275,1890
wuyouzhuguli/SpringAll,26019,2018-05-02T02:48:44Z,2023-08-21T18:23:51Z,0,Java,44,27,140
influxdata/influxdb,26010,2013-09-26T14:31:10Z,2023-08-22T18:40:18Z,78,Go,12928,11190,35272
facebookresearch/detectron2,25986,2019-09-05T21:30:20Z,2023-08-22T21:44:50Z,10,Python,3343,3009,1484
nushell/nushell,25973,2019-05-10T16:59:42Z,2023-08-22T23:00:59Z,78,Rust,4161,3288,7634
Automattic/mongoose,25942,2010-04-06T21:39:05Z,2023-08-22T23:42:57Z,102,JavaScript,10290,10034,19827
viraptor/reverse-interview,25914,2019-09-08T13:38:40Z,2023-08-22T22:44:23Z,0,,25,17,223
reworkd/AgentGPT,25910,2023-04-07T02:29:19Z,2023-08-23T00:04:40Z,11,TypeScript,409,313,1412
facebookresearch/Detectron,25903,2017-10-05T17:32:00Z,2023-08-22T16:25:49Z,0,Python,925,619,145
ajaxorg/ace,25889,2010-10-27T10:43:36Z,2023-08-22T23:06:59Z,50,JavaScript,2962,2862,8531
facebook/rocksdb,25873,2012-11-30T06:16:18Z,2023-08-22T16:54:15Z,173,C++,2920,2370,12054
AllThingsSmitty/css-protips,25856,2015-08-29T12:29:03Z,2023-08-22T23:43:52Z,0,,55,50,367
facebook/folly,25819,2012-06-01T20:49:04Z,2023-08-22T18:31:43Z,149,C++,1053,714,11894
Asabeneh/30-Days-Of-Python,25798,2019-11-19T17:24:16Z,2023-08-22T21:02:50Z,0,Python,76,60,394
CamDavidsonPilon/Probabilistic-Programming-and-Bayesian-Methods-for-Hackers,25789,2013-01-14T15:46:28Z,2023-08-22T06:36:12Z,0,Jupyter Notebook,242,89,1119
immerjs/immer,25788,2017-12-29T12:25:47Z,2023-08-22T19:21:56Z,105,JavaScript,620,587,1374
JakeChampion/fetch,25777,2014-10-13T00:26:19Z,2023-08-22T21:24:44Z,38,JavaScript,643,639,675
GitbookIO/gitbook,25771,2014-03-31T03:01:56Z,2023-08-22T04:42:59Z,0,JavaScript,0,0,2379
SerenityOS/serenity,25767,2018-12-02T19:28:41Z,2023-08-22T21:06:50Z,0,C++,3559,2944,53744
jqlang/jq,25765,2012-07-18T19:57:25Z,2023-08-22T23:46:54Z,10,C,2071,1685,1590
jamiebuilds/the-super-tiny-compiler,25760,2016-03-11T04:19:18Z,2023-08-22T23:18:35Z,0,JavaScript,0,0,13
select2/select2,25682,2012-03-04T18:43:12Z,2023-08-22T13:19:05Z,29,JavaScript,4764,4684,2654
DIYgod/RSSHub,25679,2018-04-02T14:43:21Z,2023-08-22T21:47:08Z,0,JavaScript,4593,4330,9547
apache/kafka,25647,2011-08-15T18:06:16Z,2023-08-22T17:25:54Z,0,Java,0,0,11566
request/request,25642,2011-01-23T01:25:14Z,2023-08-22T20:31:56Z,0,JavaScript,2258,2172,2270
JakeWharton/butterknife,25619,2013-03-05T08:18:59Z,2023-08-22T23:19:34Z,0,Java,1183,1086,1016
suno-ai/bark,25605,2023-04-07T19:34:48Z,2023-08-22T23:50:54Z,0,Jupyter Notebook,306,214,73
fabricjs/fabric.js,25590,2010-06-09T22:24:38Z,2023-08-22T18:45:13Z,130,JavaScript,5742,5462,4786
Modernizr/Modernizr,25522,2009-09-25T20:13:23Z,2023-08-22T23:27:53Z,25,JavaScript,1484,1317,2615
rstacruz/nprogress,25520,2013-08-20T13:58:02Z,2023-08-22T12:19:46Z,7,JavaScript,151,51,209
tqdm/tqdm,25508,2015-06-03T13:13:14Z,2023-08-22T23:34:03Z,124,Python,929,576,1964
donnemartin/data-science-ipython-notebooks,25474,2015-01-23T19:38:29Z,2023-08-23T00:10:09Z,0,Python,38,22,543
bevyengine/bevy,25457,2020-01-18T21:13:55Z,2023-08-22T22:50:36Z,17,Rust,3357,2205,4562
remy/nodemon,25457,2010-10-03T12:50:52Z,2023-08-22T20:54:08Z,90,JavaScript,1600,1594,1318
cfenollosa/os-tutorial,25448,2014-09-29T08:39:34Z,2023-08-22T22:08:23Z,0,C,165,98,147
alibaba/fastjson,25434,2011-11-03T06:58:52Z,2023-08-22T14:37:33Z,84,Java,3535,1671,3983
ageron/handson-ml2,25422,2019-01-08T03:49:07Z,2023-08-22T23:07:54Z,0,Jupyter Notebook,497,296,915
pocketbase/pocketbase,25377,2022-07-05T06:06:21Z,2023-08-23T00:25:16Z,90,Go,884,841,975
hashicorp/vagrant,25364,2010-01-21T08:34:27Z,2023-08-22T21:59:11Z,76,Ruby,9390,8774,16602
docker/awesome-compose,25329,2020-02-13T08:51:42Z,2023-08-22T23:30:24Z,0,HTML,96,34,267
go-kit/kit,25324,2015-02-03T00:01:19Z,2023-08-22T19:48:26Z,12,Go,556,521,1530
remoteintech/remote-jobs,25316,2015-10-13T03:49:25Z,2023-08-22T21:54:35Z,0,JavaScript,145,132,2259
TheAlgorithms/C-Plus-Plus,25283,2016-07-16T10:19:45Z,2023-08-22T21:29:36Z,0,C++,264,253,1654
open-mmlab/mmdetection,25264,2018-08-22T07:06:06Z,2023-08-22T13:48:36Z,51,Python,7369,6491,2613
zeromicro/go-zero,25251,2020-08-07T15:37:57Z,2023-08-23T00:22:55Z,92,Go,1353,1045,2134
bvaughn/react-virtualized,25240,2015-11-03T00:48:07Z,2023-08-22T19:29:00Z,5,JavaScript,1180,739,1988
ggreer/the_silver_searcher,25137,2011-11-19T19:50:47Z,2023-08-22T20:01:46Z,0,C,833,408,2057
ShareX/ShareX,25128,2013-10-08T23:32:10Z,2023-08-22T22:05:47Z,76,C#,5957,5423,7767
tj/commander.js,25116,2011-08-14T21:33:58Z,2023-08-22T20:43:41Z,74,JavaScript,1005,983,1212
wesbos/JavaScript30,25072,2016-12-07T19:15:31Z,2023-08-22T22:34:58Z,0,HTML,0,0,392
google/python-fire,25071,2017-02-21T21:35:07Z,2023-08-22T21:36:57Z,9,Python,290,172,287
ageron/handson-ml,25028,2016-02-16T19:48:39Z,2023-08-22T05:54:31Z,0,Jupyter Notebook,554,433,509
dwmkerr/hacker-laws,25023,2018-01-25T03:46:34Z,2023-08-22T23:36:13Z,1,Shell,203,70,469
xuxueli/xxl-job,25021,2015-11-28T12:59:34Z,2023-08-22T16:39:29Z,32,Java,2825,1749,1724
TeamNewPipe/NewPipe,25010,2015-09-03T23:39:26Z,2023-08-22T21:26:24Z,126,Java,8153,6964,10815
proxyee-down-org/proxyee-down,25009,2017-10-25T10:07:27Z,2023-08-22T01:22:27Z,49,Java,0,0,475
cmderdev/cmder,25003,2013-07-09T07:44:22Z,2023-08-22T17:02:51Z,33,C++,2221,2188,1640
pnpm/pnpm,24987,2016-01-28T07:40:43Z,2023-08-22T22:36:49Z,871,TypeScript,3527,2314,8469
ascoders/weekly,24947,2017-03-20T06:10:04Z,2023-08-22T15:17:27Z,184,JavaScript,352,350,971
AykutSarac/jsoncrack.com,24939,2022-01-30T15:25:18Z,2023-08-22T15:05:32Z,19,TypeScript,191,155,1268
facebookresearch/fastText,24936,2016-07-16T13:38:42Z,2023-08-22T19:18:27Z,4,HTML,1063,609,384
GorvGoyl/Clone-Wars,24920,2020-12-02T11:10:16Z,2023-08-22T18:20:51Z,0,,74,67,335
1c7/chinese-independent-developer,24907,2017-09-21T11:08:23Z,2023-08-22T23:31:19Z,0,,83,81,1048
ycm-core/YouCompleteMe,24898,2012-04-16T03:12:14Z,2023-08-22T21:06:56Z,0,Python,3194,3182,3114
dokku/dokku,24884,2013-06-08T10:26:57Z,2023-08-22T20:44:58Z,249,Shell,2576,2556,9233
hollischuang/toBeTopJavaer,24858,2018-10-25T09:54:54Z,2023-08-22T08:49:32Z,0,Java,126,71,272
powerline/fonts,24847,2012-12-19T13:31:50Z,2023-08-22T21:57:37Z,1,Shell,246,95,202
helm/helm,24828,2015-10-06T01:07:32Z,2023-08-22T20:04:45Z,177,Go,7240,6966,7045
kilimchoi/engineering-blogs,24813,2015-06-13T18:25:17Z,2023-08-22T16:53:48Z,0,Ruby,88,74,1717
ziglang/zig,24794,2015-08-06T00:51:28Z,2023-08-23T00:18:39Z,15,Zig,9006,6658,25531
nylas/nylas-mail,24755,2014-10-16T18:29:12Z,2023-08-22T19:47:39Z,53,JavaScript,3420,2441,6116
mbeaudru/modern-js-cheatsheet,24719,2017-09-18T14:56:00Z,2023-08-22T21:39:06Z,0,,49,41,161
jaywcjlove/linux-command,24675,2016-11-12T15:44:26Z,2023-08-22T14:06:18Z,26,Markdown,161,102,1181
eugeneyan/applied-ml,24662,2020-07-04T18:57:47Z,2023-08-23T00:11:57Z,0,,23,20,478
SDWebImage/SDWebImage,24662,2009-09-21T17:39:19Z,2023-08-22T15:28:15Z,129,Objective-C,2235,2173,3452
akveo/ngx-admin,24659,2016-05-25T10:09:03Z,2023-08-22T16:10:57Z,18,TypeScript,1731,1325,548
terryum/awesome-deep-learning-papers,24658,2016-06-03T06:48:30Z,2023-08-22T21:44:54Z,0,TeX,26,11,168
alpinejs/alpine,24634,2019-11-28T13:51:55Z,2023-08-23T00:11:32Z,116,HTML,591,591,2011
statelyai/xstate,24629,2015-09-14T15:04:15Z,2023-08-22T23:53:45Z,248,TypeScript,1197,1088,6232
logseq/logseq,24617,2020-05-23T00:06:06Z,2023-08-22T22:56:56Z,132,Clojure,6672,5368,12011
colinhacks/zod,24603,2020-03-07T20:59:08Z,2023-08-22T20:24:02Z,77,TypeScript,1431,1194,1881
sindresorhus/awesome-electron,24585,2015-04-23T11:48:53Z,2023-08-23T00:28:10Z,0,,41,41,558
qier222/YesPlayMusic,24543,2020-10-09T10:04:21Z,2023-08-22T16:09:48Z,27,Vue,1598,1117,658
Pierian-Data/Complete-Python-3-Bootcamp,24526,2018-02-12T19:30:10Z,2023-08-22T23:14:03Z,0,Jupyter Notebook,325,210,67
pjreddie/darknet,24524,2014-04-11T07:59:16Z,2023-08-22T14:37:11Z,0,C,2345,551,455
dmlc/xgboost,24504,2014-02-06T17:28:03Z,2023-08-22T22:08:32Z,52,C++,4889,4579,6521
greenrobot/EventBus,24428,2012-07-16T16:55:40Z,2023-08-22T18:46:46Z,7,Java,574,477,550
OWASP/CheatSheetSeries,24413,2018-12-21T14:26:43Z,2023-08-22T20:29:59Z,0,Python,355,321,1602
remix-run/remix,24407,2020-10-26T19:57:28Z,2023-08-22T18:40:27Z,120,TypeScript,1760,1672,4341
Lightning-AI/lightning,24402,2019-03-31T00:45:57Z,2023-08-23T00:14:07Z,139,Python,6381,5732,9596
fastai/fastai,24389,2017-09-09T17:43:36Z,2023-08-23T00:12:27Z,49,Jupyter Notebook,1736,1579,2691
pbatard/rufus,24376,2011-11-19T19:12:05Z,2023-08-22T23:21:17Z,77,C,2091,2078,2077
google/jax,24369,2018-10-25T21:25:02Z,2023-08-23T00:24:26Z,79,Python,4420,3226,17142
airbnb/lottie-ios,24347,2016-10-06T22:38:38Z,2023-08-22T22:26:04Z,58,Swift,1262,1236,1223
scwang90/SmartRefreshLayout,24346,2017-06-02T09:52:50Z,2023-08-22T14:37:41Z,11,Java,1498,1205,1127
swagger-api/swagger-ui,24312,2011-07-15T22:56:39Z,2023-08-22T23:09:24Z,290,JavaScript,5184,4239,5966
spipm/Depix,24305,2020-12-06T12:39:08Z,2023-08-22T14:19:32Z,0,Python,0,0,55
vadimdemedes/ink,24299,2017-06-12T06:12:28Z,2023-08-22T20:27:04Z,48,TypeScript,318,276,558
numpy/numpy,24295,2010-09-13T23:02:39Z,2023-08-22T22:57:50Z,103,Python,11688,9671,33279
kataras/iris,24262,2016-01-30T04:36:48Z,2023-08-22T23:57:05Z,16,Go,941,854,2709
mongodb/mongo,24260,2009-01-15T16:15:18Z,2023-08-22T14:44:02Z,0,C++,0,0,74796
helix-editor/helix,24248,2020-06-01T04:26:56Z,2023-08-23T00:28:47Z,23,Rust,3244,2438,4891
zhiwehu/Python-programming-exercises,24248,2012-06-14T07:56:46Z,2023-08-22T23:48:28Z,0,,72,11,25
k3s-io/k3s,24235,2018-05-31T01:37:46Z,2023-08-22T21:54:20Z,570,Go,4556,4462,2867
Ryujinx/Ryujinx,24216,2018-02-04T23:07:54Z,2023-08-22T22:56:19Z,0,C#,2311,1785,3011
sampotts/plyr,24203,2015-02-14T11:33:07Z,2023-08-22T21:51:15Z,88,JavaScript,2011,1204,2294
dotnet-architecture/eShopOnContainers,24177,2016-10-05T22:35:23Z,2023-08-23T00:23:37Z,11,C#,1243,1208,4332
docsifyjs/docsify,24174,2016-11-20T07:55:43Z,2023-08-22T20:31:18Z,14,JavaScript,1185,979,1735
michalsnik/aos,24166,2015-07-09T17:49:00Z,2023-08-23T00:13:05Z,0,JavaScript,667,356,259
littlecodersh/ItChat,24154,2016-01-19T07:49:48Z,2023-08-22T11:52:50Z,13,Python,868,615,188
karpathy/nanoGPT,24147,2022-12-28T00:51:12Z,2023-08-22T21:16:00Z,0,Python,220,75,195
seata/seata,24146,2018-12-28T08:37:22Z,2023-08-22T19:23:20Z,36,Java,3325,2645,1703
emscripten-core/emscripten,24136,2011-02-12T05:23:30Z,2023-08-22T20:38:30Z,0,C,8420,7004,25974
jellyfin/jellyfin,24122,2018-12-09T06:36:45Z,2023-08-22T23:45:21Z,63,C#,5095,4379,24455
saadeghi/daisyui,24081,2020-11-28T22:57:27Z,2023-08-22T22:53:10Z,0,Svelte,1256,1206,575
quasarframework/quasar,24073,2015-10-05T15:45:36Z,2023-08-22T20:56:37Z,797,JavaScript,7337,6919,13300
rome/tools,24059,2020-02-20T05:57:33Z,2023-08-22T22:22:26Z,117,Rust,1434,1340,4306
tachiyomiorg/tachiyomi,24050,2015-10-07T09:51:12Z,2023-08-23T00:02:57Z,75,Kotlin,7419,6971,6019
pypa/pipenv,24029,2017-01-20T00:44:02Z,2023-08-22T14:10:27Z,85,Python,4013,3819,8499
facebookresearch/faiss,24026,2017-02-07T16:07:05Z,2023-08-23T00:17:19Z,15,C++,2150,1829,871
codex-team/editor.js,24018,2015-11-28T20:56:35Z,2023-08-22T19:48:42Z,55,TypeScript,1283,820,722
iview/iview,23997,2016-07-28T01:52:59Z,2023-08-22T12:36:42Z,85,Vue,5584,4472,3031
johnpapa/angular-styleguide,23974,2014-07-29T00:07:51Z,2023-08-22T22:12:39Z,0,,424,362,1136
signalapp/Signal-Android,23936,2011-12-15T20:01:12Z,2023-08-22T22:47:08Z,0,Java,10329,10029,13145
termux/termux-app,23929,2015-10-23T09:42:46Z,2023-08-22T23:33:31Z,89,Java,2391,2082,1436
react-native-elements/react-native-elements,23903,2016-09-08T14:21:41Z,2023-08-22T21:02:25Z,85,MDX,2065,1989,2400
dnSpy/dnSpy,23883,2015-07-01T16:05:10Z,2023-08-23T00:14:32Z,1,C#,0,0,3932
haizlin/fe-interview,23870,2019-04-17T03:05:58Z,2023-08-22T14:37:31Z,2,JavaScript,5485,25,1628
vuejs/devtools,23865,2014-09-29T03:52:07Z,2023-08-22T22:46:40Z,84,TypeScript,1549,1106,2082
rollup/rollup,23824,2015-05-14T22:26:28Z,2023-08-22T23:44:35Z,417,JavaScript,3093,2640,5344
discordjs/discord.js,23813,2015-08-10T13:36:26Z,2023-08-22T17:18:30Z,198,TypeScript,3772,3674,7664
OpenBB-finance/OpenBBTerminal,23802,2020-12-20T10:46:38Z,2023-08-23T00:19:45Z,27,Python,1894,1694,5666
feathericons/feather,23789,2014-05-28T19:49:55Z,2023-08-22T16:06:42Z,52,JavaScript,613,241,675
charlax/professional-programming,23783,2015-11-07T05:07:52Z,2023-08-22T19:20:38Z,0,Python,18,17,367
spf13/viper,23780,2014-04-02T14:33:33Z,2023-08-22T18:10:38Z,23,Go,805,430,599
lutzroeder/netron,23777,2010-12-26T12:53:43Z,2023-08-23T00:23:33Z,2,JavaScript,968,943,7089
qianguyihao/Web,23724,2017-01-03T11:44:33Z,2023-08-22T16:01:34Z,0,,182,148,880
nsqio/nsq,23721,2012-05-12T14:37:08Z,2023-08-22T22:08:36Z,30,Go,633,583,2270
CymChad/BaseRecyclerViewAdapterHelper,23717,2016-04-10T07:40:11Z,2023-08-22T14:39:32Z,202,Kotlin,3502,3148,1466
getredash/redash,23709,2013-10-28T13:19:39Z,2023-08-22T11:06:18Z,98,Python,2333,1805,7538
StevenBlack/hosts,23701,2012-04-12T20:22:50Z,2023-08-22T17:44:30Z,567,Python,1717,1678,3522
GitHubDaily/GitHubDaily,23695,2018-12-30T13:56:58Z,2023-08-22T22:36:14Z,0,,312,157,89
taichi-dev/taichi,23648,2016-11-24T10:00:05Z,2023-08-22T11:26:08Z,113,C++,2492,1806,10805
hammerjs/hammer.js,23639,2012-03-02T12:58:28Z,2023-08-22T20:45:04Z,0,JavaScript,1038,763,1199
vercel/pkg,23628,2016-08-08T19:41:59Z,2023-08-22T20:50:14Z,41,JavaScript,1393,1353,1138
angular/components,23623,2016-01-04T18:50:02Z,2023-08-22T22:40:48Z,399,TypeScript,14338,12551,10963
MichaelCade/90DaysOfDevOps,23616,2021-12-26T13:55:18Z,2023-08-22T22:39:20Z,2,Shell,74,70,1662
nextcloud/server,23606,2016-06-02T07:44:14Z,2023-08-22T22:06:56Z,146,PHP,16396,14309,69287
mdbootstrap/mdb-ui-kit,23602,2014-08-18T11:54:00Z,2023-08-22T21:34:33Z,31,SCSS,1171,1166,1468
matteocrippa/awesome-swift,23601,2014-07-10T14:04:09Z,2023-08-22T16:49:24Z,0,Ruby,131,129,3920
datasciencemasters/go,23597,2013-08-14T08:33:55Z,2023-08-22T23:46:55Z,0,,48,46,411
servo/servo,23592,2012-02-08T19:07:25Z,2023-08-22T22:57:32Z,0,,11933,8588,46412
v2fly/v2ray-core,23589,2019-04-15T10:05:54Z,2023-08-22T23:31:42Z,69,Go,807,765,6395
VundleVim/Vundle.vim,23576,2010-10-17T23:17:53Z,2023-08-22T07:55:09Z,0,Vim Script,715,551,635
pmndrs/react-three-fiber,23561,2019-02-25T14:31:51Z,2023-08-22T18:53:15Z,65,TypeScript,871,852,2455
Netflix/Hystrix,23556,2012-11-19T20:14:46Z,2023-08-22T19:42:47Z,79,Java,1026,682,2119
ReactiveX/RxSwift,23508,2015-04-07T21:25:17Z,2023-08-22T17:01:40Z,72,Swift,1217,1197,3665
Awesome-Windows/Awesome,23436,2016-05-30T17:27:35Z,2023-08-23T00:24:11Z,0,,133,80,523
openfaas/faas,23402,2016-12-22T12:51:39Z,2023-08-22T22:43:28Z,3,Go,827,797,2127
alibaba/flutter-go,23393,2019-01-08T09:03:40Z,2023-08-22T10:28:28Z,4,Dart,0,0,754
mbadolato/iTerm2-Color-Schemes,23388,2011-04-01T04:01:46Z,2023-08-22T22:52:07Z,0,Shell,99,82,688
heartcombo/devise,23364,2009-09-16T12:15:12Z,2023-08-22T21:55:17Z,19,Ruby,4175,4037,3852
nicolargo/glances,23357,2011-12-04T08:49:15Z,2023-08-22T23:33:47Z,34,Python,1686,1482,5159
matterport/Mask_RCNN,23355,2017-10-19T20:28:34Z,2023-08-23T00:28:15Z,3,Python,2693,843,203
doczjs/docz,23349,2018-03-17T04:24:10Z,2023-08-22T19:48:51Z,127,TypeScript,1245,1137,1609
schollz/croc,23344,2017-10-17T15:20:18Z,2023-08-23T00:03:16Z,140,Go,383,275,1764
coder2gwy/coder2gwy,23340,2020-12-30T14:40:50Z,2023-08-22T12:50:46Z,0,,144,28,58
gitlabhq/gitlabhq,23335,2011-10-02T16:25:27Z,2023-08-22T07:57:35Z,0,Ruby,0,0,111075
openssl/openssl,22487,2013-01-15T22:34:48Z,2023-08-22T19:57:48Z,12,C,8792,6764,33693
facebookarchive/draft-js,22475,2016-02-19T20:18:26Z,2023-08-22T20:44:23Z,26,JavaScript,1775,978,1201
sdras/awesome-actions,22469,2018-10-17T17:53:45Z,2023-08-22T17:19:36Z,0,,39,25,1252
redux-saga/redux-saga,22464,2015-11-29T16:58:12Z,2023-08-22T18:56:43Z,70,JavaScript,1477,1456,1939
emberjs/ember.js,22452,2011-05-25T23:39:40Z,2023-08-22T15:18:45Z,502,JavaScript,6672,6404,22286
fouber/blog,22442,2014-04-25T09:44:42Z,2023-08-22T13:39:05Z,0,,15,5,94
ossrs/srs,22432,2015-04-29T06:59:32Z,2023-08-22T14:22:08Z,50,C++,1294,1160,8555
telegramdesktop/tdesktop,22430,2014-05-02T12:36:31Z,2023-08-22T18:47:55Z,637,C++,12852,12068,15316
zyedidia/micro,22417,2016-03-11T02:06:28Z,2023-08-23T00:29:54Z,33,Go,1991,1290,2838
zadam/trilium,22414,2017-05-23T00:30:20Z,2023-08-23T00:21:18Z,273,JavaScript,3078,2198,6787
sirupsen/logrus,23132,2013-10-16T19:08:55Z,2023-08-22T23:45:06Z,19,Go,670,667,1246
Wox-launcher/Wox,23128,2013-12-19T15:49:32Z,2023-08-22T09:43:41Z,38,C#,3440,2415,2753
kahun/awesome-sysadmin,23128,2014-02-09T22:39:20Z,2023-08-22T22:01:27Z,0,,98,26,515
dimsemenov/PhotoSwipe,23126,2011-04-07T05:46:29Z,2023-08-22T14:40:22Z,18,JavaScript,1785,1183,704
pure-css/pure,23112,2013-04-22T16:16:39Z,2023-08-22T19:49:53Z,27,JavaScript,573,570,894
vapor/vapor,23111,2016-01-18T22:37:52Z,2023-08-23T00:26:36Z,494,Swift,1587,1486,5719
MonitorControl/MonitorControl,23074,2017-09-16T21:13:40Z,2023-08-22T20:51:46Z,23,Swift,799,742,236
google/mediapipe,23071,2019-06-13T19:16:41Z,2023-08-22T23:29:10Z,47,C++,4354,4166,2442
microsoft/cascadia-code,23039,2019-07-10T22:50:20Z,2023-08-22T20:41:18Z,17,Python,578,459,196
StreisandEffect/streisand,23022,2014-03-23T21:56:19Z,2023-08-23T00:00:48Z,0,Shell,1140,929,1424
rwaldron/idiomatic.js,23000,2011-05-25T17:48:59Z,2023-08-22T20:22:42Z,0,,82,48,504
android/architecture-components-samples,22969,2017-05-09T21:09:14Z,2023-08-22T18:55:54Z,0,Kotlin,687,537,637
CodeHubApp/CodeHub,22961,2013-07-23T22:19:57Z,2023-08-22T08:41:17Z,4,C#,640,406,593
viatsko/awesome-vscode,22956,2016-02-07T23:02:45Z,2023-08-23T00:24:13Z,0,JavaScript,46,25,703
doocs/leetcode,22951,2018-09-16T14:03:03Z,2023-08-22T14:30:40Z,19,Java,32,32,8219
backstage/backstage,22950,2020-01-24T22:39:49Z,2023-08-22T22:45:16Z,254,TypeScript,4509,4105,43204
reduxjs/react-redux,22947,2015-07-11T17:32:01Z,2023-08-22T21:23:12Z,119,TypeScript,1235,1215,1203
aseprite/aseprite,22931,2014-08-19T23:44:50Z,2023-08-22T23:27:40Z,91,C++,3405,2014,9170
expo/expo,22924,2016-08-15T17:14:25Z,2023-08-22T23:34:57Z,0,TypeScript,11815,11481,19025
nothings/stb,22892,2014-05-25T16:51:23Z,2023-08-22T22:59:00Z,0,C,747,649,2149
keon/algorithms,22872,2016-11-17T22:32:08Z,2023-08-22T14:50:40Z,1,Python,156,100,954
directus/directus,22872,2012-12-12T01:35:36Z,2023-08-22T21:27:41Z,272,TypeScript,6744,6520,10639
mozilla/DeepSpeech,22867,2016-06-02T15:04:53Z,2023-08-22T18:30:12Z,105,C++,2092,1977,3466
NativeScript/NativeScript,22863,2015-03-01T09:47:08Z,2023-08-22T21:03:25Z,144,TypeScript,6590,5673,7287
Igglybuff/awesome-piracy,22860,2018-10-09T22:09:56Z,2023-08-22T23:15:12Z,0,HTML,311,310,586
lllyasviel/ControlNet,22853,2023-02-01T02:43:30Z,2023-08-22T23:59:16Z,0,Python,382,100,186
geekan/MetaGPT,22842,2023-06-30T09:04:55Z,2023-08-23T00:08:48Z,1,Python,157,54,324
zloirock/core-js,22841,2013-07-17T16:32:27Z,2023-08-23T00:14:20Z,228,JavaScript,900,867,5419
OpenZeppelin/openzeppelin-contracts,22803,2016-08-01T20:54:54Z,2023-08-22T22:01:36Z,79,JavaScript,1718,1571,3339
yeasy/docker_practice,22794,2014-09-05T04:06:39Z,2023-08-22T11:41:29Z,15,Go,205,201,1212
penpot/penpot,22773,2015-12-29T22:09:07Z,2023-08-23T00:17:29Z,34,Clojure,1151,885,10833
marmelab/react-admin,22760,2016-07-13T07:58:54Z,2023-08-22T15:38:06Z,303,TypeScript,4236,4158,17413
python-telegram-bot/python-telegram-bot,22738,2015-07-07T15:30:39Z,2023-08-22T22:10:36Z,105,Python,1953,1940,2616
freqtrade/freqtrade,22698,2017-05-17T23:48:53Z,2023-08-23T00:03:47Z,74,Python,4030,3988,21992
tmrts/go-patterns,22685,2015-12-14T22:05:06Z,2023-08-23T00:24:23Z,0,Go,30,13,72
github/copilot-docs,22681,2021-10-23T16:07:04Z,2023-08-22T23:16:25Z,0,,0,0,34
localForage/localForage,22679,2013-10-31T00:10:06Z,2023-08-22T15:07:54Z,26,JavaScript,704,498,1124
MostlyAdequate/mostly-adequate-guide,22667,2015-05-06T01:44:15Z,2023-08-22T18:32:50Z,1,JavaScript,275,203,853
react-navigation/react-navigation,22665,2017-01-26T19:51:40Z,2023-08-22T20:57:57Z,1000,TypeScript,9161,8518,2639
guzzle/guzzle,22644,2011-02-28T02:44:05Z,2023-08-22T12:58:54Z,59,PHP,1821,1803,3644
balderdashy/sails,22628,2012-03-18T19:46:15Z,2023-08-22T22:16:08Z,42,JavaScript,6355,5852,7172
envoyproxy/envoy,22581,2016-08-08T15:07:24Z,2023-08-22T23:41:09Z,136,C++,9776,8356,19056
vercel/turbo,22544,2021-10-05T17:37:11Z,2023-08-23T00:09:50Z,266,Rust,1274,856,5071
SimplifyJobs/Summer2024-Internships,22530,2020-05-23T20:53:18Z,2023-08-23T00:26:14Z,0,,477,464,3997
hwdsl2/setup-ipsec-vpn,22524,2016-01-07T16:44:12Z,2023-08-23T00:27:30Z,0,Shell,1312,1312,1326
ogham/exa,22524,2014-05-22T12:45:16Z,2023-08-22T21:37:39Z,12,Rust,873,594,1614
mislav/hub,22518,2009-12-05T22:15:25Z,2023-08-22T21:45:09Z,60,Go,2016,1778,3333
ovity/octotree,22516,2014-05-09T18:15:20Z,2023-08-22T16:22:51Z,0,JavaScript,762,723,718
DrKLO/Telegram,22490,2013-10-25T14:08:10Z,2023-08-22T07:41:15Z,81,Java,0,0,505
calcom/cal.com,22487,2021-03-22T13:47:42Z,2023-08-23T00:24:54Z,162,TypeScript,4420,3882,7757
openssl/openssl,22487,2013-01-15T22:34:48Z,2023-08-22T19:57:48Z,12,C,8792,6764,33693
facebookarchive/draft-js,22475,2016-02-19T20:18:26Z,2023-08-22T20:44:23Z,26,JavaScript,1775,978,1201
sdras/awesome-actions,22469,2018-10-17T17:53:45Z,2023-08-22T17:19:36Z,0,,39,25,1252
redux-saga/redux-saga,22464,2015-11-29T16:58:12Z,2023-08-22T18:56:43Z,70,JavaScript,1477,1456,1939
emberjs/ember.js,22452,2011-05-25T23:39:40Z,2023-08-22T15:18:45Z,502,JavaScript,6672,6404,22286
fouber/blog,22442,2014-04-25T09:44:42Z,2023-08-22T13:39:05Z,0,,15,5,94
ossrs/srs,22432,2015-04-29T06:59:32Z,2023-08-22T14:22:08Z,50,C++,1294,1160,8555
telegramdesktop/tdesktop,22430,2014-05-02T12:36:31Z,2023-08-22T18:47:55Z,637,C++,12852,12068,15316
zyedidia/micro,22417,2016-03-11T02:06:28Z,2023-08-23T00:29:54Z,33,Go,1991,1290,2838
zadam/trilium,22414,2017-05-23T00:30:20Z,2023-08-23T00:21:18Z,273,JavaScript,3078,2198,6787
xinntao/Real-ESRGAN,22401,2021-07-19T03:23:30Z,2023-08-22T19:47:19Z,10,Python,536,138,137
google/gson,22363,2015-03-19T18:21:20Z,2023-08-22T22:28:14Z,6,Java,1550,1259,1869
milvus-io/milvus,22354,2019-09-16T06:43:43Z,2023-08-22T23:40:26Z,349,Go,8635,8057,17799
eriklindernoren/ML-From-Scratch,22331,2017-02-05T12:11:23Z,2023-08-23T00:13:16Z,0,Python,68,37,374
Asabeneh/30-Days-Of-React,22328,2020-09-29T13:38:54Z,2023-08-22T22:53:55Z,0,JavaScript,62,15,272
huiyadanli/RevokeMsgPatcher,22321,2019-07-21T15:12:52Z,2023-08-22T21:35:54Z,16,C#,536,490,245
ggerganov/whisper.cpp,22321,2022-09-25T18:26:37Z,2023-08-22T22:24:37Z,7,C,642,341,669
bilibili/flv.js,22318,2016-05-12T08:34:31Z,2023-08-22T19:00:46Z,15,JavaScript,718,305,431
withfig/autocomplete,22315,2020-09-29T02:21:06Z,2023-08-22T20:42:44Z,1000,TypeScript,487,361,4384
firecracker-microvm/firecracker,22302,2017-10-19T06:18:47Z,2023-08-22T23:49:23Z,66,Rust,1336,1229,4872
apache/skywalking,22286,2015-11-07T03:30:36Z,2023-08-22T20:22:01Z,56,Java,4898,4852,7734
t4t5/sweetalert,22282,2014-09-30T11:12:48Z,2023-08-21T19:35:25Z,13,TypeScript,708,548,363
TanStack/table,22270,2016-10-20T17:25:08Z,2023-08-22T17:11:15Z,202,TypeScript,2275,2148,2174
homebridge/homebridge,22262,2014-12-01T16:37:39Z,2023-08-22T21:36:43Z,34,TypeScript,2986,2969,1457
markerikson/react-redux-links,22259,2016-01-22T02:10:28Z,2023-08-22T21:03:39Z,0,,38,22,401
microsoft/Data-Science-For-Beginners,22245,2021-03-03T16:30:15Z,2023-08-23T00:00:44Z,0,Jupyter Notebook,108,91,1393
gchq/CyberChef,22236,2016-11-28T10:34:07Z,2023-08-22T21:28:39Z,427,JavaScript,812,526,3577
Tencent/wepy,22231,2016-11-14T08:06:56Z,2023-08-22T09:29:53Z,8,JavaScript,2147,1796,2454
ipfs/ipfs,22230,2014-02-11T07:28:24Z,2023-08-22T19:10:59Z,0,,216,211,408
RedisInsight/RedisDesktopManager,22200,2013-08-05T07:51:08Z,2023-08-22T05:26:33Z,87,C++,4541,4495,2166
Vision-CAIR/MiniGPT-4,22174,2023-04-15T22:17:09Z,2023-08-23T00:03:12Z,0,Python,291,80,64
mochajs/mocha,22153,2011-03-07T18:44:25Z,2023-08-22T18:07:23Z,76,JavaScript,2893,2628,3601
usablica/intro.js,22136,2013-03-10T15:12:45Z,2023-08-22T12:36:57Z,36,TypeScript,784,741,1375
chubin/wttr.in,22120,2015-12-26T21:03:43Z,2023-08-22T23:07:31Z,0,Python,591,327,1259
wangzheng0822/algo,22109,2018-09-24T05:33:46Z,2023-08-22T05:43:53Z,0,Python,124,22,1065
conwnet/github1s,22097,2019-06-16T09:55:25Z,2023-08-22T15:10:52Z,39,TypeScript,202,147,364
SwiftyJSON/SwiftyJSON,22096,2014-06-18T14:41:15Z,2023-08-22T18:15:59Z,21,Swift,693,583,745
kriasoft/react-starter-kit,22064,2014-04-16T13:08:18Z,2023-08-22T20:42:38Z,5,TypeScript,1186,1183,61
celery/celery,22047,2009-04-24T11:31:24Z,2023-08-22T19:39:15Z,42,Python,4899,4333,12286
google-research/tuning_playbook,22035,2023-01-18T23:32:32Z,2023-08-22T17:28:37Z,0,,33,10,15
libuv/libuv,22030,2013-11-30T00:29:56Z,2023-08-22T21:59:12Z,7,C,1603,1489,5215
goldbergyoni/javascript-testing-best-practices,22027,2019-07-04T11:08:12Z,2023-08-22T22:37:10Z,0,JavaScript,62,15,1013
rxhanson/Rectangle,22021,2019-06-21T21:34:53Z,2023-08-22T21:37:45Z,74,Swift,531,444,1116
fish-shell/fish-shell,22013,2012-05-10T03:00:55Z,2023-08-22T22:44:27Z,39,C++,6803,6356,17540
facebook/flow,22005,2014-10-28T17:17:45Z,2023-08-22T14:02:25Z,309,OCaml,6628,5159,16448
goldfire/howler.js,21999,2013-01-28T16:47:12Z,2023-08-22T20:48:11Z,24,JavaScript,1357,1044,889
locustio/locust,21999,2011-02-17T11:08:03Z,2023-08-22T21:59:08Z,94,Python,1464,1450,4030
surrealdb/surrealdb,21995,2021-12-09T15:03:29Z,2023-08-22T21:34:44Z,11,Rust,710,461,2475
derailed/k9s,21976,2019-01-25T18:46:02Z,2023-08-22T20:53:29Z,195,Go,1481,1061,1468
datawhalechina/pumpkin-book,21963,2018-12-22T05:05:24Z,2023-08-22T22:22:40Z,7,,69,53,443
harvesthq/chosen,21956,2011-04-18T15:07:41Z,2023-08-22T13:19:10Z,34,HTML,2375,2125,1287
Polymer/polymer,21952,2012-08-23T20:56:30Z,2023-08-22T15:18:57Z,115,HTML,3911,3866,6878
elixir-lang/elixir,21945,2011-01-09T08:43:57Z,2023-08-22T20:59:36Z,137,Elixir,5082,5055,19518
highlightjs/highlight.js,21903,2011-01-01T23:47:21Z,2023-08-22T14:13:32Z,36,JavaScript,1978,1895,6537
felixrieseberg/windows95,21898,2018-08-23T05:04:38Z,2023-08-22T22:59:59Z,14,TypeScript,231,106,200
react-bootstrap/react-bootstrap,21887,2013-12-27T19:06:07Z,2023-08-22T20:55:34Z,55,TypeScript,3441,3327,4491
tailwindlabs/headlessui,21885,2020-09-16T09:53:09Z,2023-08-22T22:56:57Z,88,TypeScript,977,968,634
notable/notable,21884,2018-12-22T13:57:19Z,2023-08-22T23:14:29Z,20,,1594,906,460
iawia002/lux,21878,2018-02-24T11:29:03Z,2023-08-22T17:50:01Z,80,Go,953,506,801
sebastianruder/NLP-progress,21852,2018-06-22T17:43:55Z,2023-08-22T23:09:23Z,3,Python,100,65,791
jumpserver/jumpserver,21842,2014-07-04T03:54:59Z,2023-08-22T20:42:21Z,189,Python,5320,5077,10066
kdeldycke/awesome-falsehood,21832,2016-09-08T09:13:47Z,2023-08-22T19:33:15Z,0,,28,26,513
libgdx/libgdx,21827,2012-08-10T19:34:38Z,2023-08-22T18:36:59Z,10,Java,3636,3418,15264
apache/flink,21810,2014-06-07T07:00:10Z,2023-08-22T18:21:42Z,0,Java,0,0,33894
tokio-rs/tokio,21804,2016-09-09T22:31:36Z,2023-08-22T21:14:44Z,105,Rust,1988,1735,3518
dapr/dapr,21773,2019-06-19T00:49:06Z,2023-08-22T20:01:00Z,190,Go,3068,2699,4408
vuejs/vuepress,21768,2018-04-05T16:58:38Z,2023-08-22T20:58:14Z,22,JavaScript,1925,1427,2151
youzan/vant,21766,2017-04-19T07:55:31Z,2023-08-22T22:22:21Z,240,TypeScript,6845,6824,9698
google/iosched,21758,2014-04-01T22:40:40Z,2023-08-22T03:10:59Z,2,Kotlin,242,187,3139
electron-react-boilerplate/electron-react-boilerplate,21740,2015-05-18T09:54:57Z,2023-08-23T00:01:30Z,58,TypeScript,1849,1775,1118
academic/awesome-datascience,21722,2014-07-05T07:07:43Z,2023-08-23T00:14:22Z,5,,49,49,1002
jaredhanson/passport,21713,2011-10-08T22:38:32Z,2023-08-22T21:31:15Z,0,JavaScript,750,420,617
tsenart/vegeta,21706,2013-08-13T11:45:21Z,2023-08-22T20:27:25Z,66,Go,396,344,720
jlmakes/scrollreveal,21703,2014-01-16T17:37:20Z,2023-08-22T20:25:23Z,0,JavaScript,480,452,950
mxgmn/WaveFunctionCollapse,21689,2016-09-30T11:53:17Z,2023-08-22T18:53:35Z,1,C#,49,46,141
microsoft/api-guidelines,21688,2016-07-12T20:01:24Z,2023-08-22T17:26:48Z,0,,212,101,718
toeverything/AFFiNE,21685,2022-07-31T18:45:21Z,2023-08-22T23:55:28Z,148,TypeScript,1229,1036,4028
requarks/wiki,21665,2016-08-16T19:35:26Z,2023-08-23T00:09:19Z,115,Vue,2475,2416,2109
trekhleb/homemade-machine-learning,21657,2018-11-01T04:34:19Z,2023-08-22T23:04:02Z,0,Jupyter Notebook,25,14,253
taosdata/TDengine,21654,2019-07-11T08:33:48Z,2023-08-22T13:06:59Z,102,C,4106,3028,55265
microsoft/JARVIS,21649,2023-03-30T02:57:12Z,2023-08-22T22:02:17Z,0,Python,165,99,80
validatorjs/validator.js,21640,2010-10-06T06:58:48Z,2023-08-23T00:28:25Z,11,JavaScript,1008,857,2221
dracula/dracula-theme,21633,2013-10-27T12:39:02Z,2023-08-22T23:11:51Z,24,,654,644,582
bitcoinbook/bitcoinbook,21629,2013-08-11T23:18:28Z,2023-08-22T23:46:06Z,3,AsciiDoc,370,298,3915
bevacqua/dragula,21618,2015-04-13T21:35:38Z,2023-08-22T17:09:58Z,0,JavaScript,513,407,366
redisson/redisson,21614,2014-01-11T14:06:25Z,2023-08-22T13:27:22Z,131,Java,4633,4357,8219
oobabooga/text-generation-webui,21610,2022-12-21T04:17:37Z,2023-08-23T00:19:53Z,9,Python,2102,1686,2416
qbittorrent/qBittorrent,21604,2012-02-04T09:37:46Z,2023-08-22T18:53:12Z,0,C++,14694,11815,12475
wsargent/docker-cheat-sheet,21597,2014-08-05T20:04:20Z,2023-08-21T03:45:17Z,0,,27,22,432
kuchin/awesome-cto,21597,2016-12-16T19:22:18Z,2023-08-22T22:29:58Z,0,,7,7,185
refined-github/refined-github,21597,2016-02-15T16:45:02Z,2023-08-22T23:50:21Z,117,TypeScript,3577,3455,3532
v8/v8,21582,2014-09-24T15:24:30Z,2023-08-22T21:17:34Z,0,C++,0,0,84073
gfwlist/gfwlist,21573,2015-03-13T13:24:56Z,2023-08-22T09:46:54Z,0,,2387,1942,3617
spacedriveapp/spacedrive,21550,2021-09-27T05:09:04Z,2023-08-22T20:20:48Z,0,Rust,214,170,1938
chenglou/react-motion,21542,2015-06-11T07:38:23Z,2023-08-22T22:45:03Z,4,JavaScript,398,249,809
vnpy/vnpy,21539,2015-03-02T03:36:58Z,2023-08-22T18:13:09Z,56,Python,1999,1975,6555
onevcat/Kingfisher,21532,2015-04-06T14:26:21Z,2023-08-22T16:13:53Z,177,Swift,1317,1206,2631
HeroTransitions/Hero,21522,2016-11-24T18:49:37Z,2023-08-22T07:01:20Z,38,Swift,602,567,558
flameshot-org/flameshot,21507,2017-05-10T19:44:51Z,2023-08-22T21:28:39Z,25,C++,2201,1744,1877
robertdavidgraham/masscan,21487,2013-07-28T05:35:33Z,2023-08-23T00:24:14Z,11,C,517,172,706
ai/nanoid,21470,2017-08-05T05:24:35Z,2023-08-22T16:32:06Z,1,JavaScript,217,209,977
changkun/modern-cpp-tutorial,21470,2016-08-19T14:39:15Z,2023-08-22T13:45:39Z,3,C++,118,110,280
rancher/rancher,21452,2014-11-07T20:49:31Z,2023-08-22T11:03:23Z,977,Go,31683,29190,10865
lensapp/lens,21426,2018-11-12T06:28:56Z,2023-08-22T20:44:07Z,294,TypeScript,3339,2409,4106
ChristosChristofidis/awesome-deep-learning,21421,2015-01-02T19:28:35Z,2023-08-23T00:20:41Z,0,,19,14,533
DesignPatternsPHP/DesignPatternsPHP,21372,2011-08-22T05:24:31Z,2023-08-22T14:13:49Z,0,PHP,112,111,1277
leereilly/games,21333,2012-01-05T19:48:55Z,2023-08-22T19:48:23Z,0,,264,87,648
javascript-tutorial/en.javascript.info,21331,2017-06-03T14:27:57Z,2023-08-22T23:31:57Z,0,HTML,836,689,6435
alibaba/Sentinel,21325,2018-04-04T06:37:33Z,2023-08-22T19:23:19Z,23,Java,2114,1556,815
pugjs/pug,21301,2010-06-23T01:05:42Z,2023-08-22T00:35:00Z,22,JavaScript,2551,2270,2572
